<?xml version="1.0"?>
<data><Document0><nid>26077909</nid><title>2022&#xB144; 5&#xC6D4; &#xC0AC;&#xC5C5;&#xC18C; &#xC11C;&#xC6B8;&#xB3C4;&#xC11C;&#xAD00; &#xC815;&#xBCF4;&#xC11C;&#xBE44;&#xC2A4;&#xACFC; &#xC5C5;&#xBB34;&#xCD94;&#xC9C4;&#xBE44; - &#xC2DC;&#xCC45;&#xCD94;&#xC9C4; &#xBD80;&#xC11C;&#xC6B4;&#xC601;</title><url>http://opengov.seoul.go.kr/expense/26077909</url><dept_nm_lvl_1>&#xC0AC;&#xC5C5;&#xC18C;</dept_nm_lvl_1><dept_nm_lvl_2>&#xC11C;&#xC6B8;&#xB3C4;&#xC11C;&#xAD00;</dept_nm_lvl_2><dept_nm_lvl_3>&#xC815;&#xBCF4;&#xC11C;&#xBE44;&#xC2A4;&#xACFC;</dept_nm_lvl_3><dept_nm_lvl_4/><dept_nm_lvl_5/><exec_yr>2022</exec_yr><exec_month>5</exec_month><expense_budget>0</expense_budget><expense_execution>0</expense_execution><category/><dept_nm_full>&#xC11C;&#xC6B8;&#xB3C4;&#xC11C;&#xAD00; &#xC815;&#xBCF4;&#xC11C;&#xBE44;&#xC2A4;&#xACFC;</dept_nm_full><exec_dt>2022-05-24 12:12</exec_dt><exec_loc>101&#xCEE4;&#xD53C;&#xCEE8;&#xD14C;&#xC774;&#xB108; &#xC2DC;&#xCCAD;</exec_loc><exec_purpose>&#xB3C5;&#xC11C;&#xBB38;&#xD654;&#xD504;&#xB85C;&#xADF8;&#xB7A8; &#xC5C5;&#xBB34; &#xCD94;&#xC9C4;&#xC744; &#xC704;&#xD55C; &#xAC04;&#xB2F4;&#xD68C;&#xBE44; &#xC9C0;&#xAE09;</exec_purpose><target_nm>&#xC885;&#xAD50;&#xC2DC;&#xBBFC;&#xBB38;&#xD654;&#xC5F0;&#xAD6C;&#xC18C; &#xAD00;&#xACC4;&#xC790; &#xB4F1; 6&#xBA85;</target_nm><payment_method>&#xCE74;&#xB4DC;</payment_method><exec_amount>46000</exec_amount></Document0><Document1><nid>26077909</nid><title>2022&#xB144; 5&#xC6D4; &#xC0AC;&#xC5C5;&#xC18C; &#xC11C;&#xC6B8;&#xB3C4;&#xC11C;&#xAD00; &#xC815;&#xBCF4;&#xC11C;&#xBE44;&#xC2A4;&#xACFC; &#xC5C5;&#xBB34;&#xCD94;&#xC9C4;&#xBE44; - &#xC2DC;&#xCC45;&#xCD94;&#xC9C4; &#xBD80;&#xC11C;&#xC6B4;&#xC601;</title><url>http://opengov.seoul.go.kr/expense/26077909</url><dept_nm_lvl_1>&#xC0AC;&#xC5C5;&#xC18C;</dept_nm_lvl_1><dept_nm_lvl_2>&#xC11C;&#xC6B8;&#xB3C4;&#xC11C;&#xAD00;</dept_nm_lvl_2><dept_nm_lvl_3>&#xC815;&#xBCF4;&#xC11C;&#xBE44;&#xC2A4;&#xACFC;</dept_nm_lvl_3><dept_nm_lvl_4/><dept_nm_lvl_5/><exec_yr>2022</exec_yr><exec_month>5</exec_month><expense_budget>0</expense_budget><expense_execution>0</expense_execution><category/><dept_nm_full>&#xC11C;&#xC6B8;&#xB3C4;&#xC11C;&#xAD00; &#xC815;&#xBCF4;&#xC11C;&#xBE44;&#xC2A4;&#xACFC;</dept_nm_full><exec_dt>2022-05-23 12:01</exec_dt><exec_loc>&#xC6D4;&#xBBF8;&#xB124;&#xB0A8;&#xC6D0;&#xCD94;&#xC5B4;&#xD0D5;</exec_loc><exec_purpose>&#xD604;&#xC5C5;&#xBD80;&#xC11C; &#xC9C1;&#xC6D0; &#xACA9;&#xB824; &#xC2DD;&#xC0AC;&#xBE44; &#xC9C0;&#xAE09;</exec_purpose><target_nm>&#xC815;&#xBCF4;&#xC11C;&#xBE44;&#xC2A4;&#xACFC;&#xC7A5; &#xC678; 4&#xBA85;</target_nm><payment_method>&#xCE74;&#xB4DC;</payment_method><exec_amount>62000</exec_amount></Document1><Document2><nid>26077907</nid><title>2022&#xB144; 5&#xC6D4; &#xC0AC;&#xC5C5;&#xC18C; &#xC0C1;&#xC218;&#xB3C4;&#xC0AC;&#xC5C5;&#xBCF8;&#xBD80; &#xAC15;&#xBD81;&#xC544;&#xB9AC;&#xC218;&#xC815;&#xC218;&#xC13C;&#xD130; &#xC815;&#xC218;&#xACFC; &#xC5C5;&#xBB34;&#xCD94;&#xC9C4;&#xBE44; - &#xBD80;&#xC11C;&#xC6B4;&#xC601;</title><url>http://opengov.seoul.go.kr/expense/26077907</url><dept_nm_lvl_1>&#xC0AC;&#xC5C5;&#xC18C;</dept_nm_lvl_1><dept_nm_lvl_2>&#xC0C1;&#xC218;&#xB3C4;&#xC0AC;&#xC5C5;&#xBCF8;&#xBD80;</dept_nm_lvl_2><dept_nm_lvl_3>&#xAC15;&#xBD81;&#xC544;&#xB9AC;&#xC218;&#xC815;&#xC218;&#xC13C;&#xD130;</dept_nm_lvl_3><dept_nm_lvl_4>&#xC815;&#xC218;&#xACFC;</dept_nm_lvl_4><dept_nm_lvl_5/><exec_yr>2022</exec_yr><exec_month>5</exec_month><expense_budget>0</expense_budget><expense_execution>0</expense_execution><category/><dept_nm_full>&#xC815;&#xC218;&#xACFC;</dept_nm_full><exec_dt>2022-05-16 14:31</exec_dt><exec_loc>&#xC774;&#xB9C8;&#xD2B8; &#xB2E4;&#xC0B0;&#xC810; (&#xB0A8;&#xC591;&#xC8FC;&#xC2DC; &#xB3C4;&#xB18D;&#xB85C; 24)</exec_loc><exec_purpose>&#xCEE4;&#xD53C;&#xBBF9;&#xC2A4; &#xB4F1; &#xAD6C;&#xB9E4;</exec_purpose><target_nm>&#xC815;&#xC218;&#xACFC;&#xC7A5; &#xB4F1; 43&#xBA85;</target_nm><payment_method>&#xC81C;&#xB85C;&#xD398;&#xC774;</payment_method><exec_amount>464190</exec_amount></Document2><Document3><nid>26077907</nid><title>2022&#xB144; 5&#xC6D4; &#xC0AC;&#xC5C5;&#xC18C; &#xC0C1;&#xC218;&#xB3C4;&#xC0AC;&#xC5C5;&#xBCF8;&#xBD80; &#xAC15;&#xBD81;&#xC544;&#xB9AC;&#xC218;&#xC815;&#xC218;&#xC13C;&#xD130; &#xC815;&#xC218;&#xACFC; &#xC5C5;&#xBB34;&#xCD94;&#xC9C4;&#xBE44; - &#xBD80;&#xC11C;&#xC6B4;&#xC601;</title><url>http://opengov.seoul.go.kr/expense/26077907</url><dept_nm_lvl_1>&#xC0AC;&#xC5C5;&#xC18C;</dept_nm_lvl_1><dept_nm_lvl_2>&#xC0C1;&#xC218;&#xB3C4;&#xC0AC;&#xC5C5;&#xBCF8;&#xBD80;</dept_nm_lvl_2><dept_nm_lvl_3>&#xAC15;&#xBD81;&#xC544;&#xB9AC;&#xC218;&#xC815;&#xC218;&#xC13C;&#xD130;</dept_nm_lvl_3><dept_nm_lvl_4>&#xC815;&#xC218;&#xACFC;</dept_nm_lvl_4><dept_nm_lvl_5/><exec_yr>2022</exec_yr><exec_month>5</exec_month><expense_budget>0</expense_budget><expense_execution>0</expense_execution><category/><dept_nm_full>&#xC815;&#xC218;&#xACFC;</dept_nm_full><exec_dt>2022-05-03 12:54</exec_dt><exec_loc>&#xBD09;&#xD3C9;&#xC0B0;&#xACE8;&#xBA54;&#xBC00;&#xCD0C; (&#xB0A8;&#xC591;&#xC8FC;&#xC2DC; &#xC640;&#xBD80;&#xC74D; &#xAD81;&#xCD0C;&#xB85C; 14)</exec_loc><exec_purpose>&#xC9C1;&#xC6D0; &#xAC04;&#xB2F4;&#xD68C; &#xAC1C;&#xCD5C;</exec_purpose><target_nm>&#xC815;&#xC218;&#xACFC; &#xAE40;&#xB300;&#xC6A9; &#xB4F1; 6&#xBA85;</target_nm><payment_method>&#xC81C;&#xB85C;&#xD398;&#xC774;</payment_method><exec_amount>165000</exec_amount></Document3><Document4><nid>26077907</nid><title>2022&#xB144; 5&#xC6D4; &#xC0AC;&#xC5C5;&#xC18C; &#xC0C1;&#xC218;&#xB3C4;&#xC0AC;&#xC5C5;&#xBCF8;&#xBD80; &#xAC15;&#xBD81;&#xC544;&#xB9AC;&#xC218;&#xC815;&#xC218;&#xC13C;&#xD130; &#xC815;&#xC218;&#xACFC; &#xC5C5;&#xBB34;&#xCD94;&#xC9C4;&#xBE44; - &#xBD80;&#xC11C;&#xC6B4;&#xC601;</title><url>http://opengov.seoul.go.kr/expense/26077907</url><dept_nm_lvl_1>&#xC0AC;&#xC5C5;&#xC18C;</dept_nm_lvl_1><dept_nm_lvl_2>&#xC0C1;&#xC218;&#xB3C4;&#xC0AC;&#xC5C5;&#xBCF8;&#xBD80;</dept_nm_lvl_2><dept_nm_lvl_3>&#xAC15;&#xBD81;&#xC544;&#xB9AC;&#xC218;&#xC815;&#xC218;&#xC13C;&#xD130;</dept_nm_lvl_3><dept_nm_lvl_4>&#xC815;&#xC218;&#xACFC;</dept_nm_lvl_4><dept_nm_lvl_5/><exec_yr>2022</exec_yr><exec_month>5</exec_month><expense_budget>0</expense_budget><expense_execution>0</expense_execution><category/><dept_nm_full>&#xC815;&#xC218;&#xACFC;</dept_nm_full><exec_dt>2022-05-02 12:46</exec_dt><exec_loc>&#xBD09;&#xD3C9;&#xC0B0;&#xACE8;&#xBA54;&#xBC00;&#xCD0C; (&#xB0A8;&#xC591;&#xC8FC;&#xC2DC; &#xC640;&#xBD80;&#xC74D; &#xAD81;&#xCD0C;&#xB85C; 14)</exec_loc><exec_purpose>&#xC9C1;&#xC6D0; &#xAC04;&#xB2F4;&#xD68C; &#xAC1C;&#xCD5C;</exec_purpose><target_nm>&#xC815;&#xC218;&#xACFC; &#xC870;&#xC131;&#xC5F0; &#xB4F1; 12&#xBA85;</target_nm><payment_method>&#xC81C;&#xB85C;&#xD398;&#xC774;</payment_method><exec_amount>300000</exec_amount></Document4><Document5><nid>26077905</nid><title>2022&#xB144; 5&#xC6D4; &#xC0AC;&#xC5C5;&#xC18C; &#xC0C1;&#xC218;&#xB3C4;&#xC0AC;&#xC5C5;&#xBCF8;&#xBD80; &#xAC15;&#xBD81;&#xC544;&#xB9AC;&#xC218;&#xC815;&#xC218;&#xC13C;&#xD130; &#xC6D0;&#xC218;&#xAD00;&#xB9AC;&#xACFC; &#xC5C5;&#xBB34;&#xCD94;&#xC9C4;&#xBE44; - &#xBD80;&#xC11C;&#xC6B4;&#xC601;</title><url>http://opengov.seoul.go.kr/expense/26077905</url><dept_nm_lvl_1>&#xC0AC;&#xC5C5;&#xC18C;</dept_nm_lvl_1><dept_nm_lvl_2>&#xC0C1;&#xC218;&#xB3C4;&#xC0AC;&#xC5C5;&#xBCF8;&#xBD80;</dept_nm_lvl_2><dept_nm_lvl_3>&#xAC15;&#xBD81;&#xC544;&#xB9AC;&#xC218;&#xC815;&#xC218;&#xC13C;&#xD130;</dept_nm_lvl_3><dept_nm_lvl_4>&#xC6D0;&#xC218;&#xAD00;&#xB9AC;&#xACFC;</dept_nm_lvl_4><dept_nm_lvl_5/><exec_yr>2022</exec_yr><exec_month>5</exec_month><expense_budget>0</expense_budget><expense_execution>0</expense_execution><category/><dept_nm_full>&#xAC15;&#xBD81;&#xC544;&#xB9AC;&#xC218;&#xC815;&#xC218;&#xC13C;&#xD130; &#xC6D0;&#xC218;&#xAD00;&#xB9AC;&#xACFC;</dept_nm_full><exec_dt>2022-05-23 13:31</exec_dt><exec_loc>&#xACBD;&#xAE30;&#xB3C4; &#xB0A8;&#xC591;&#xC8FC;&#xC2DC; &#xC218;&#xB808;&#xB85C; 214</exec_loc><exec_purpose>&#xBD80;&#xC11C;&#xC6B4;&#xC601; &#xBB3C;&#xD488;&#xAD6C;&#xB9E4;</exec_purpose><target_nm>&#xC774;&#xC885;&#xD314;,&#xC6D0;&#xC218;&#xAD00;&#xB9AC;&#xACFC; &#xC9C1;&#xC6D0; 18&#xBA85;</target_nm><payment_method>&#xC81C;&#xB85C;&#xD398;&#xC774;</payment_method><exec_amount>194000</exec_amount></Document5><Document6><nid>26077905</nid><title>2022&#xB144; 5&#xC6D4; &#xC0AC;&#xC5C5;&#xC18C; &#xC0C1;&#xC218;&#xB3C4;&#xC0AC;&#xC5C5;&#xBCF8;&#xBD80; &#xAC15;&#xBD81;&#xC544;&#xB9AC;&#xC218;&#xC815;&#xC218;&#xC13C;&#xD130; &#xC6D0;&#xC218;&#xAD00;&#xB9AC;&#xACFC; &#xC5C5;&#xBB34;&#xCD94;&#xC9C4;&#xBE44; - &#xBD80;&#xC11C;&#xC6B4;&#xC601;</title><url>http://opengov.seoul.go.kr/expense/26077905</url><dept_nm_lvl_1>&#xC0AC;&#xC5C5;&#xC18C;</dept_nm_lvl_1><dept_nm_lvl_2>&#xC0C1;&#xC218;&#xB3C4;&#xC0AC;&#xC5C5;&#xBCF8;&#xBD80;</dept_nm_lvl_2><dept_nm_lvl_3>&#xAC15;&#xBD81;&#xC544;&#xB9AC;&#xC218;&#xC815;&#xC218;&#xC13C;&#xD130;</dept_nm_lvl_3><dept_nm_lvl_4>&#xC6D0;&#xC218;&#xAD00;&#xB9AC;&#xACFC;</dept_nm_lvl_4><dept_nm_lvl_5/><exec_yr>2022</exec_yr><exec_month>5</exec_month><expense_budget>0</expense_budget><expense_execution>0</expense_execution><category/><dept_nm_full>&#xAC15;&#xBD81;&#xC544;&#xB9AC;&#xC218;&#xC815;&#xC218;&#xC13C;&#xD130; &#xC6D0;&#xC218;&#xAD00;&#xB9AC;&#xACFC;</dept_nm_full><exec_dt>2022-05-20 12:00</exec_dt><exec_loc>&#xACBD;&#xAE30;&#xB3C4; &#xB0A8;&#xC591;&#xC8FC;&#xC2DC; &#xC640;&#xBD80;&#xC74D; &#xAD81;&#xCD0C;&#xB85C; 14</exec_loc><exec_purpose>&#xC9C1;&#xC6D0;&#xACA9;&#xB824; &#xC911;&#xC2DD;&#xC81C;&#xACF5;</exec_purpose><target_nm>&#xC774;&#xC885;&#xD314;(&#xC6D0;&#xC218;&#xAD00;&#xB9AC;&#xACFC; &#xACFC;&#xC7A5; &#xC678; 8&#xBA85;),&#xACFC;&#xC7A5;,&#xAE40;&#xC885;&#xD544;,&#xC815;&#xC815;&#xC81C;,&#xC774;&#xC2B9;&#xC218;,&#xC774;&#xC885;&#xD314;,&#xAE40;&#xC9C0;&#xC601;,&#xCC9C;&#xBA85;&#xB355;,&#xAE40;&#xC724;&#xAD6C;,&#xAE40;&#xC0C1;&#xC21C;)</target_nm><payment_method>&#xC81C;&#xB85C;&#xD398;&#xC774;</payment_method><exec_amount>106000</exec_amount></Document6><Document7><nid>26077903</nid><title>2022&#xB144; 5&#xC6D4; &#xC0AC;&#xC5C5;&#xC18C; &#xC0C1;&#xC218;&#xB3C4;&#xC0AC;&#xC5C5;&#xBCF8;&#xBD80; &#xC911;&#xBD80;&#xC218;&#xB3C4;&#xC0AC;&#xC5C5;&#xC18C; &#xD604;&#xC7A5;&#xBBFC;&#xC6D0;&#xACFC; &#xC5C5;&#xBB34;&#xCD94;&#xC9C4;&#xBE44; - &#xBD80;&#xC11C;&#xC6B4;&#xC601;</title><url>http://opengov.seoul.go.kr/expense/26077903</url><dept_nm_lvl_1>&#xC0AC;&#xC5C5;&#xC18C;</dept_nm_lvl_1><dept_nm_lvl_2>&#xC0C1;&#xC218;&#xB3C4;&#xC0AC;&#xC5C5;&#xBCF8;&#xBD80;</dept_nm_lvl_2><dept_nm_lvl_3>&#xC911;&#xBD80;&#xC218;&#xB3C4;&#xC0AC;&#xC5C5;&#xC18C;</dept_nm_lvl_3><dept_nm_lvl_4>&#xD604;&#xC7A5;&#xBBFC;&#xC6D0;&#xACFC;</dept_nm_lvl_4><dept_nm_lvl_5/><exec_yr>2022</exec_yr><exec_month>5</exec_month><expense_budget>0</expense_budget><expense_execution>0</expense_execution><category/><dept_nm_full>&#xD604;&#xC7A5;&#xBBFC;&#xC6D0;&#xACFC;</dept_nm_full><exec_dt>2022-05-26 20:27</exec_dt><exec_loc>&#x321C;&#xB0A8;&#xC18C;&#xC601;(&#xC911;&#xAD6C; &#xD1F4;&#xACC4;&#xB85C;56&#xAE38; 46)</exec_loc><exec_purpose>&#xBD80;&#xC11C; &#xD604;&#xC548;&#xC5C5;&#xBB34; &#xCD94;&#xC9C4; &#xB17C;&#xC758; &#xAC04;&#xB2F4;&#xD68C;</exec_purpose><target_nm>&#xD604;&#xC7A5;&#xBBFC;&#xC6D0;&#xACFC;&#xC7A5; &#xC678; 2&#xBA85;</target_nm><payment_method>&#xC81C;&#xB85C;&#xD398;&#xC774;</payment_method><exec_amount>21000</exec_amount></Document7><Document8><nid>26077903</nid><title>2022&#xB144; 5&#xC6D4; &#xC0AC;&#xC5C5;&#xC18C; &#xC0C1;&#xC218;&#xB3C4;&#xC0AC;&#xC5C5;&#xBCF8;&#xBD80; &#xC911;&#xBD80;&#xC218;&#xB3C4;&#xC0AC;&#xC5C5;&#xC18C; &#xD604;&#xC7A5;&#xBBFC;&#xC6D0;&#xACFC; &#xC5C5;&#xBB34;&#xCD94;&#xC9C4;&#xBE44; - &#xBD80;&#xC11C;&#xC6B4;&#xC601;</title><url>http://opengov.seoul.go.kr/expense/26077903</url><dept_nm_lvl_1>&#xC0AC;&#xC5C5;&#xC18C;</dept_nm_lvl_1><dept_nm_lvl_2>&#xC0C1;&#xC218;&#xB3C4;&#xC0AC;&#xC5C5;&#xBCF8;&#xBD80;</dept_nm_lvl_2><dept_nm_lvl_3>&#xC911;&#xBD80;&#xC218;&#xB3C4;&#xC0AC;&#xC5C5;&#xC18C;</dept_nm_lvl_3><dept_nm_lvl_4>&#xD604;&#xC7A5;&#xBBFC;&#xC6D0;&#xACFC;</dept_nm_lvl_4><dept_nm_lvl_5/><exec_yr>2022</exec_yr><exec_month>5</exec_month><expense_budget>0</expense_budget><expense_execution>0</expense_execution><category/><dept_nm_full>&#xD604;&#xC7A5;&#xBBFC;&#xC6D0;&#xACFC;</dept_nm_full><exec_dt>2022-05-20 15:38</exec_dt><exec_loc>&#xC8FC;&#xC2DD;&#xD68C;&#xC0AC;&#xBE44;&#xD0B7;&#xD478;&#xB4DC;(&#xC911;&#xAD6C; &#xC218;&#xD45C;&#xB85C;6&#xAE38; 41-1)</exec_loc><exec_purpose>&#xD604;&#xC548;&#xC5C5;&#xBB34; &#xCD94;&#xC9C4; &#xC9C1;&#xC6D0; &#xACA9;&#xB824; &#xAC04;&#xC2DD;&#xB958; &#xAD6C;&#xB9E4;</exec_purpose><target_nm>&#xD604;&#xC7A5;&#xBBFC;&#xC6D0;&#xACFC; &#xC11C;&#xBB34;</target_nm><payment_method>&#xCE74;&#xB4DC;</payment_method><exec_amount>108500</exec_amount></Document8><Document9><nid>26077903</nid><title>2022&#xB144; 5&#xC6D4; &#xC0AC;&#xC5C5;&#xC18C; &#xC0C1;&#xC218;&#xB3C4;&#xC0AC;&#xC5C5;&#xBCF8;&#xBD80; &#xC911;&#xBD80;&#xC218;&#xB3C4;&#xC0AC;&#xC5C5;&#xC18C; &#xD604;&#xC7A5;&#xBBFC;&#xC6D0;&#xACFC; &#xC5C5;&#xBB34;&#xCD94;&#xC9C4;&#xBE44; - &#xBD80;&#xC11C;&#xC6B4;&#xC601;</title><url>http://opengov.seoul.go.kr/expense/26077903</url><dept_nm_lvl_1>&#xC0AC;&#xC5C5;&#xC18C;</dept_nm_lvl_1><dept_nm_lvl_2>&#xC0C1;&#xC218;&#xB3C4;&#xC0AC;&#xC5C5;&#xBCF8;&#xBD80;</dept_nm_lvl_2><dept_nm_lvl_3>&#xC911;&#xBD80;&#xC218;&#xB3C4;&#xC0AC;&#xC5C5;&#xC18C;</dept_nm_lvl_3><dept_nm_lvl_4>&#xD604;&#xC7A5;&#xBBFC;&#xC6D0;&#xACFC;</dept_nm_lvl_4><dept_nm_lvl_5/><exec_yr>2022</exec_yr><exec_month>5</exec_month><expense_budget>0</expense_budget><expense_execution>0</expense_execution><category/><dept_nm_full>&#xD604;&#xC7A5;&#xBBFC;&#xC6D0;&#xACFC;</dept_nm_full><exec_dt>2022-05-18 12:02</exec_dt><exec_loc>&#xC1A1;&#xB9BC;&#xC2DD;&#xB2F9;(&#xC911;&#xAD6C; &#xC744;&#xC9C0;&#xB85C;36&#xAE38; 40)</exec_loc><exec_purpose>&#xBD80;&#xC11C; &#xC8FC;&#xC694; &#xC5C5;&#xBB34; &#xCD94;&#xC9C4; &#xACC4;&#xD68D; &#xB17C;&#xC758; &#xAC04;&#xB2F4;&#xD68C;</exec_purpose><target_nm>&#xC911;&#xBD80;&#xC218;&#xB3C4;&#xC0AC;&#xC5C5;&#xC18C;&#xC7A5; &#xC678; 4&#xBA85;</target_nm><payment_method>&#xC81C;&#xB85C;&#xD398;&#xC774;</payment_method><exec_amount>40000</exec_amount></Document9><Document10><nid>26077903</nid><title>2022&#xB144; 5&#xC6D4; &#xC0AC;&#xC5C5;&#xC18C; &#xC0C1;&#xC218;&#xB3C4;&#xC0AC;&#xC5C5;&#xBCF8;&#xBD80; &#xC911;&#xBD80;&#xC218;&#xB3C4;&#xC0AC;&#xC5C5;&#xC18C; &#xD604;&#xC7A5;&#xBBFC;&#xC6D0;&#xACFC; &#xC5C5;&#xBB34;&#xCD94;&#xC9C4;&#xBE44; - &#xBD80;&#xC11C;&#xC6B4;&#xC601;</title><url>http://opengov.seoul.go.kr/expense/26077903</url><dept_nm_lvl_1>&#xC0AC;&#xC5C5;&#xC18C;</dept_nm_lvl_1><dept_nm_lvl_2>&#xC0C1;&#xC218;&#xB3C4;&#xC0AC;&#xC5C5;&#xBCF8;&#xBD80;</dept_nm_lvl_2><dept_nm_lvl_3>&#xC911;&#xBD80;&#xC218;&#xB3C4;&#xC0AC;&#xC5C5;&#xC18C;</dept_nm_lvl_3><dept_nm_lvl_4>&#xD604;&#xC7A5;&#xBBFC;&#xC6D0;&#xACFC;</dept_nm_lvl_4><dept_nm_lvl_5/><exec_yr>2022</exec_yr><exec_month>5</exec_month><expense_budget>0</expense_budget><expense_execution>0</expense_execution><category/><dept_nm_full>&#xD604;&#xC7A5;&#xBBFC;&#xC6D0;&#xACFC;</dept_nm_full><exec_dt>2022-05-09 11:55</exec_dt><exec_loc>&#xC1A1;&#xB9BC;&#xC2DD;&#xB2F9;(&#xC911;&#xAD6C; &#xC744;&#xC9C0;&#xB85C;36&#xAE38; 40)</exec_loc><exec_purpose>&#xBD80;&#xC11C; &#xC8FC;&#xC694; &#xC5C5;&#xBB34; &#xCD94;&#xC9C4;&#xC2E4;&#xC801; &#xAC80;&#xD1A0; &#xAC04;&#xB2F4;&#xD68C;</exec_purpose><target_nm>&#xD604;&#xC7A5;&#xBBFC;&#xC6D0;&#xACFC;&#xC7A5; &#xC678; 3&#xBA85;</target_nm><payment_method>&#xC81C;&#xB85C;&#xD398;&#xC774;</payment_method><exec_amount>32000</exec_amount></Document10><Document11><nid>26077903</nid><title>2022&#xB144; 5&#xC6D4; &#xC0AC;&#xC5C5;&#xC18C; &#xC0C1;&#xC218;&#xB3C4;&#xC0AC;&#xC5C5;&#xBCF8;&#xBD80; &#xC911;&#xBD80;&#xC218;&#xB3C4;&#xC0AC;&#xC5C5;&#xC18C; &#xD604;&#xC7A5;&#xBBFC;&#xC6D0;&#xACFC; &#xC5C5;&#xBB34;&#xCD94;&#xC9C4;&#xBE44; - &#xBD80;&#xC11C;&#xC6B4;&#xC601;</title><url>http://opengov.seoul.go.kr/expense/26077903</url><dept_nm_lvl_1>&#xC0AC;&#xC5C5;&#xC18C;</dept_nm_lvl_1><dept_nm_lvl_2>&#xC0C1;&#xC218;&#xB3C4;&#xC0AC;&#xC5C5;&#xBCF8;&#xBD80;</dept_nm_lvl_2><dept_nm_lvl_3>&#xC911;&#xBD80;&#xC218;&#xB3C4;&#xC0AC;&#xC5C5;&#xC18C;</dept_nm_lvl_3><dept_nm_lvl_4>&#xD604;&#xC7A5;&#xBBFC;&#xC6D0;&#xACFC;</dept_nm_lvl_4><dept_nm_lvl_5/><exec_yr>2022</exec_yr><exec_month>5</exec_month><expense_budget>0</expense_budget><expense_execution>0</expense_execution><category/><dept_nm_full>&#xD604;&#xC7A5;&#xBBFC;&#xC6D0;&#xACFC;</dept_nm_full><exec_dt>2022-05-04 12:05</exec_dt><exec_loc>&#xC591;&#xD47C;&#xC774;(&#xC911;&#xAD6C; &#xB3D9;&#xD638;&#xB85C;12&#xAE38; 35)</exec_loc><exec_purpose>&#xBD80;&#xC11C; &#xC544;&#xB9AC;&#xC218;&#xD1A0;&#xD0C8;&#xC11C;&#xBE44;&#xC2A4; &#xCD94;&#xC9C4; &#xC2E4;&#xC801; &#xB17C;&#xC758; &#xAC04;&#xB2F4;&#xD68C;</exec_purpose><target_nm>&#xD604;&#xC7A5;&#xBBFC;&#xC6D0;&#xD300;&#xC7A5; &#xC678; 5&#xBA85;</target_nm><payment_method>&#xC81C;&#xB85C;&#xD398;&#xC774;</payment_method><exec_amount>72000</exec_amount></Document11><Document12><nid>26077903</nid><title>2022&#xB144; 5&#xC6D4; &#xC0AC;&#xC5C5;&#xC18C; &#xC0C1;&#xC218;&#xB3C4;&#xC0AC;&#xC5C5;&#xBCF8;&#xBD80; &#xC911;&#xBD80;&#xC218;&#xB3C4;&#xC0AC;&#xC5C5;&#xC18C; &#xD604;&#xC7A5;&#xBBFC;&#xC6D0;&#xACFC; &#xC5C5;&#xBB34;&#xCD94;&#xC9C4;&#xBE44; - &#xBD80;&#xC11C;&#xC6B4;&#xC601;</title><url>http://opengov.seoul.go.kr/expense/26077903</url><dept_nm_lvl_1>&#xC0AC;&#xC5C5;&#xC18C;</dept_nm_lvl_1><dept_nm_lvl_2>&#xC0C1;&#xC218;&#xB3C4;&#xC0AC;&#xC5C5;&#xBCF8;&#xBD80;</dept_nm_lvl_2><dept_nm_lvl_3>&#xC911;&#xBD80;&#xC218;&#xB3C4;&#xC0AC;&#xC5C5;&#xC18C;</dept_nm_lvl_3><dept_nm_lvl_4>&#xD604;&#xC7A5;&#xBBFC;&#xC6D0;&#xACFC;</dept_nm_lvl_4><dept_nm_lvl_5/><exec_yr>2022</exec_yr><exec_month>5</exec_month><expense_budget>0</expense_budget><expense_execution>0</expense_execution><category/><dept_nm_full>&#xD604;&#xC7A5;&#xBBFC;&#xC6D0;&#xACFC;</dept_nm_full><exec_dt>2022-05-02 11:49</exec_dt><exec_loc>&#xD558;&#xB3D9;&#xC9C4;(&#xC911;&#xAD6C; &#xB2E4;&#xC0B0;&#xB85C; 253-1)</exec_loc><exec_purpose>&#xC218;&#xB3C4;&#xACC4;&#xB7C9;&#xAE30; &#xAD50;&#xCCB4; &#xC5C5;&#xBB34; &#xB17C;&#xC758; &#xAC04;&#xB2F4;&#xD68C;</exec_purpose><target_nm>&#xD604;&#xC7A5;&#xBBFC;&#xC6D0;&#xACFC;&#xC7A5; &#xC678; 8&#xBA85;</target_nm><payment_method>&#xC81C;&#xB85C;&#xD398;&#xC774;</payment_method><exec_amount>72000</exec_amount></Document12><Document13><nid>26076785</nid><title>2022&#xB144; 5&#xC6D4; &#xC11C;&#xC6B8;&#xC2DC;&#xBCF8;&#xCCAD; &#xC790;&#xCE58;&#xACBD;&#xCC30;&#xC704;&#xC6D0;&#xD68C; &#xC0AC;&#xBB34;&#xAD6D; &#xC790;&#xCE58;&#xACBD;&#xCC30;&#xC9C0;&#xC6D0;&#xACFC; &#xC5C5;&#xBB34;&#xCD94;&#xC9C4;&#xBE44; - &#xC2DC;&#xCC45;&#xCD94;&#xC9C4;</title><url>http://opengov.seoul.go.kr/expense/26076785</url><dept_nm_lvl_1>&#xC11C;&#xC6B8;&#xC2DC;&#xBCF8;&#xCCAD;</dept_nm_lvl_1><dept_nm_lvl_2>&#xC790;&#xCE58;&#xACBD;&#xCC30;&#xC704;&#xC6D0;&#xD68C;</dept_nm_lvl_2><dept_nm_lvl_3>&#xC0AC;&#xBB34;&#xAD6D;</dept_nm_lvl_3><dept_nm_lvl_4>&#xC790;&#xCE58;&#xACBD;&#xCC30;&#xC9C0;&#xC6D0;&#xACFC;</dept_nm_lvl_4><dept_nm_lvl_5/><exec_yr>2022</exec_yr><exec_month>5</exec_month><expense_budget>0</expense_budget><expense_execution>0</expense_execution><category/><dept_nm_full>&#xC790;&#xCE58;&#xACBD;&#xCC30;&#xC704;&#xC6D0;&#xD68C; &#xC790;&#xCE58;&#xACBD;&#xCC30;&#xC9C0;&#xC6D0;&#xACFC;</dept_nm_full><exec_dt>2022-05-31 12:18</exec_dt><exec_loc>&#xC815;&#xC120;&#xD560;&#xB9E4;&#xACE4;&#xB4DC;&#xB808;&#xBC25; &#xBB34;&#xAD50;&#xC810;(&#xC911;&#xAD6C; &#xC138;&#xC885;&#xB300;&#xB85C; 124)</exec_loc><exec_purpose>&#xC790;&#xCE58;&#xACBD;&#xCC30; &#xAD50;&#xC721;&#xCF58;&#xD150;&#xCE20; &#xAC1C;&#xBC1C; &#xC6A9;&#xC5ED; &#xAD00;&#xB828; &#xAC04;&#xB2F4;&#xD68C;</exec_purpose><target_nm>&#xC790;&#xCE58;&#xACBD;&#xCC30;&#xC9C0;&#xC6D0;&#xACFC;&#xC7A5; &#xC678; 2&#xBA85;</target_nm><payment_method>&#xC81C;&#xB85C;&#xD398;&#xC774;</payment_method><exec_amount>33000</exec_amount></Document13><Document14><nid>26076785</nid><title>2022&#xB144; 5&#xC6D4; &#xC11C;&#xC6B8;&#xC2DC;&#xBCF8;&#xCCAD; &#xC790;&#xCE58;&#xACBD;&#xCC30;&#xC704;&#xC6D0;&#xD68C; &#xC0AC;&#xBB34;&#xAD6D; &#xC790;&#xCE58;&#xACBD;&#xCC30;&#xC9C0;&#xC6D0;&#xACFC; &#xC5C5;&#xBB34;&#xCD94;&#xC9C4;&#xBE44; - &#xC2DC;&#xCC45;&#xCD94;&#xC9C4;</title><url>http://opengov.seoul.go.kr/expense/26076785</url><dept_nm_lvl_1>&#xC11C;&#xC6B8;&#xC2DC;&#xBCF8;&#xCCAD;</dept_nm_lvl_1><dept_nm_lvl_2>&#xC790;&#xCE58;&#xACBD;&#xCC30;&#xC704;&#xC6D0;&#xD68C;</dept_nm_lvl_2><dept_nm_lvl_3>&#xC0AC;&#xBB34;&#xAD6D;</dept_nm_lvl_3><dept_nm_lvl_4>&#xC790;&#xCE58;&#xACBD;&#xCC30;&#xC9C0;&#xC6D0;&#xACFC;</dept_nm_lvl_4><dept_nm_lvl_5/><exec_yr>2022</exec_yr><exec_month>5</exec_month><expense_budget>0</expense_budget><expense_execution>0</expense_execution><category/><dept_nm_full>&#xC790;&#xCE58;&#xACBD;&#xCC30;&#xC704;&#xC6D0;&#xD68C; &#xC790;&#xCE58;&#xACBD;&#xCC30;&#xC9C0;&#xC6D0;&#xACFC;</dept_nm_full><exec_dt>2022-05-30 12:33</exec_dt><exec_loc>&#xC6B0;&#xB3C4;&#xC77C;&#xC2DD;(&#xC911;&#xAD6C; &#xC138;&#xC885;&#xB300;&#xB85C; 124)</exec_loc><exec_purpose>&#xC790;&#xCE58;&#xACBD;&#xCC30; &#xBCF5;&#xC9C0;&#xD3EC;&#xC778;&#xD2B8; &#xC9C0;&#xC6D0;&#xB300;&#xC0C1; &#xC120;&#xC815;&#xAE30;&#xC900; &#xAD00;&#xB828; &#xAC80;&#xD1A0; &#xD68C;&#xC758;</exec_purpose><target_nm>&#xAD50;&#xC721;&#xD6C4;&#xC0DD;&#xD300;&#xC7A5; &#xC678; 3&#xBA85;</target_nm><payment_method>&#xC81C;&#xB85C;&#xD398;&#xC774;</payment_method><exec_amount>64000</exec_amount></Document14><Document15><nid>26076785</nid><title>2022&#xB144; 5&#xC6D4; &#xC11C;&#xC6B8;&#xC2DC;&#xBCF8;&#xCCAD; &#xC790;&#xCE58;&#xACBD;&#xCC30;&#xC704;&#xC6D0;&#xD68C; &#xC0AC;&#xBB34;&#xAD6D; &#xC790;&#xCE58;&#xACBD;&#xCC30;&#xC9C0;&#xC6D0;&#xACFC; &#xC5C5;&#xBB34;&#xCD94;&#xC9C4;&#xBE44; - &#xC2DC;&#xCC45;&#xCD94;&#xC9C4;</title><url>http://opengov.seoul.go.kr/expense/26076785</url><dept_nm_lvl_1>&#xC11C;&#xC6B8;&#xC2DC;&#xBCF8;&#xCCAD;</dept_nm_lvl_1><dept_nm_lvl_2>&#xC790;&#xCE58;&#xACBD;&#xCC30;&#xC704;&#xC6D0;&#xD68C;</dept_nm_lvl_2><dept_nm_lvl_3>&#xC0AC;&#xBB34;&#xAD6D;</dept_nm_lvl_3><dept_nm_lvl_4>&#xC790;&#xCE58;&#xACBD;&#xCC30;&#xC9C0;&#xC6D0;&#xACFC;</dept_nm_lvl_4><dept_nm_lvl_5/><exec_yr>2022</exec_yr><exec_month>5</exec_month><expense_budget>0</expense_budget><expense_execution>0</expense_execution><category/><dept_nm_full>&#xC790;&#xCE58;&#xACBD;&#xCC30;&#xC704;&#xC6D0;&#xD68C; &#xC790;&#xCE58;&#xACBD;&#xCC30;&#xC9C0;&#xC6D0;&#xACFC;</dept_nm_full><exec_dt>2022-05-26 14:04</exec_dt><exec_loc>&#xD30C;&#xB9AC;&#xD06C;&#xB77C;&#xC0C1; &#xB9AC;&#xB098;&#xC2A4;(&#xC911;&#xAD6C; &#xBB34;&#xAD50;&#xB85C; 19)</exec_loc><exec_purpose>&#xC11C;&#xC6B8;&#xC2DC; &#xC790;&#xCE58;&#xACBD;&#xCC30;&#xC704;&#xC6D0;&#xD68C; &#xC778;&#xAD8C;&#xBCF4;&#xD638;&#xC790;&#xBB38;&#xB2E8; &#xC81C;2&#xCC28; &#xD68C;&#xC758; &#xC74C;&#xB8CC; &#xAD6C;&#xC785;</exec_purpose><target_nm>&#xC778;&#xAD8C;&#xAC10;&#xC0AC;&#xD300;&#xC7A5; &#xC678; &#xD68C;&#xC758;&#xCC38;&#xC11D;&#xC790; 8&#xBA85;</target_nm><payment_method>&#xCE74;&#xB4DC;</payment_method><exec_amount>48200</exec_amount></Document15><Document16><nid>26076785</nid><title>2022&#xB144; 5&#xC6D4; &#xC11C;&#xC6B8;&#xC2DC;&#xBCF8;&#xCCAD; &#xC790;&#xCE58;&#xACBD;&#xCC30;&#xC704;&#xC6D0;&#xD68C; &#xC0AC;&#xBB34;&#xAD6D; &#xC790;&#xCE58;&#xACBD;&#xCC30;&#xC9C0;&#xC6D0;&#xACFC; &#xC5C5;&#xBB34;&#xCD94;&#xC9C4;&#xBE44; - &#xC2DC;&#xCC45;&#xCD94;&#xC9C4;</title><url>http://opengov.seoul.go.kr/expense/26076785</url><dept_nm_lvl_1>&#xC11C;&#xC6B8;&#xC2DC;&#xBCF8;&#xCCAD;</dept_nm_lvl_1><dept_nm_lvl_2>&#xC790;&#xCE58;&#xACBD;&#xCC30;&#xC704;&#xC6D0;&#xD68C;</dept_nm_lvl_2><dept_nm_lvl_3>&#xC0AC;&#xBB34;&#xAD6D;</dept_nm_lvl_3><dept_nm_lvl_4>&#xC790;&#xCE58;&#xACBD;&#xCC30;&#xC9C0;&#xC6D0;&#xACFC;</dept_nm_lvl_4><dept_nm_lvl_5/><exec_yr>2022</exec_yr><exec_month>5</exec_month><expense_budget>0</expense_budget><expense_execution>0</expense_execution><category/><dept_nm_full>&#xC790;&#xCE58;&#xACBD;&#xCC30;&#xC704;&#xC6D0;&#xD68C; &#xC790;&#xCE58;&#xACBD;&#xCC30;&#xC9C0;&#xC6D0;&#xACFC;</dept_nm_full><exec_dt>2022-05-26 12:38</exec_dt><exec_loc>&#xB69C;&#xB9AC;&#xC0BC;(&#xC911;&#xAD6C; &#xCCAD;&#xACC4;&#xCC9C;&#xB85C; 8)</exec_loc><exec_purpose>&#xADFC;&#xBB34;&#xD658;&#xACBD; &#xAC1C;&#xC120;&#xC744; &#xC704;&#xD55C; &#xD604;&#xC7A5;&#xC2E4;&#xC0AC; &#xACB0;&#xACFC; &#xAC80;&#xD1A0; &#xD68C;&#xC758;</exec_purpose><target_nm>&#xC790;&#xCE58;&#xACBD;&#xCC30;&#xC9C0;&#xC6D0;&#xACFC;&#xC7A5; &#xC678; 4&#xBA85;</target_nm><payment_method>&#xC81C;&#xB85C;&#xD398;&#xC774;</payment_method><exec_amount>120000</exec_amount></Document16><Document17><nid>26076785</nid><title>2022&#xB144; 5&#xC6D4; &#xC11C;&#xC6B8;&#xC2DC;&#xBCF8;&#xCCAD; &#xC790;&#xCE58;&#xACBD;&#xCC30;&#xC704;&#xC6D0;&#xD68C; &#xC0AC;&#xBB34;&#xAD6D; &#xC790;&#xCE58;&#xACBD;&#xCC30;&#xC9C0;&#xC6D0;&#xACFC; &#xC5C5;&#xBB34;&#xCD94;&#xC9C4;&#xBE44; - &#xC2DC;&#xCC45;&#xCD94;&#xC9C4;</title><url>http://opengov.seoul.go.kr/expense/26076785</url><dept_nm_lvl_1>&#xC11C;&#xC6B8;&#xC2DC;&#xBCF8;&#xCCAD;</dept_nm_lvl_1><dept_nm_lvl_2>&#xC790;&#xCE58;&#xACBD;&#xCC30;&#xC704;&#xC6D0;&#xD68C;</dept_nm_lvl_2><dept_nm_lvl_3>&#xC0AC;&#xBB34;&#xAD6D;</dept_nm_lvl_3><dept_nm_lvl_4>&#xC790;&#xCE58;&#xACBD;&#xCC30;&#xC9C0;&#xC6D0;&#xACFC;</dept_nm_lvl_4><dept_nm_lvl_5/><exec_yr>2022</exec_yr><exec_month>5</exec_month><expense_budget>0</expense_budget><expense_execution>0</expense_execution><category/><dept_nm_full>&#xC790;&#xCE58;&#xACBD;&#xCC30;&#xC704;&#xC6D0;&#xD68C; &#xC790;&#xCE58;&#xACBD;&#xCC30;&#xC9C0;&#xC6D0;&#xACFC;</dept_nm_full><exec_dt>2022-05-19 12:23</exec_dt><exec_loc>&#xAD6C;&#xC774;&#xAD6C;&#xC774;(&#xC911;&#xAD6C; &#xC744;&#xC9C0;&#xB85C; 6)</exec_loc><exec_purpose>&#xB178;&#xD6C4; &#xC9C0;&#xAD6C;&#xB300;, &#xD30C;&#xCD9C;&#xC18C; &#xADFC;&#xBB34;&#xD658;&#xACBD; &#xAC1C;&#xC120; &#xAC80;&#xD1A0; &#xD68C;&#xC758;</exec_purpose><target_nm>&#xC790;&#xCE58;&#xACBD;&#xCC30;&#xC9C0;&#xC6D0;&#xACFC;&#xC7A5; &#xC678; 2&#xBA85;</target_nm><payment_method>&#xC81C;&#xB85C;&#xD398;&#xC774;</payment_method><exec_amount>38000</exec_amount></Document17><Document18><nid>26076785</nid><title>2022&#xB144; 5&#xC6D4; &#xC11C;&#xC6B8;&#xC2DC;&#xBCF8;&#xCCAD; &#xC790;&#xCE58;&#xACBD;&#xCC30;&#xC704;&#xC6D0;&#xD68C; &#xC0AC;&#xBB34;&#xAD6D; &#xC790;&#xCE58;&#xACBD;&#xCC30;&#xC9C0;&#xC6D0;&#xACFC; &#xC5C5;&#xBB34;&#xCD94;&#xC9C4;&#xBE44; - &#xC2DC;&#xCC45;&#xCD94;&#xC9C4;</title><url>http://opengov.seoul.go.kr/expense/26076785</url><dept_nm_lvl_1>&#xC11C;&#xC6B8;&#xC2DC;&#xBCF8;&#xCCAD;</dept_nm_lvl_1><dept_nm_lvl_2>&#xC790;&#xCE58;&#xACBD;&#xCC30;&#xC704;&#xC6D0;&#xD68C;</dept_nm_lvl_2><dept_nm_lvl_3>&#xC0AC;&#xBB34;&#xAD6D;</dept_nm_lvl_3><dept_nm_lvl_4>&#xC790;&#xCE58;&#xACBD;&#xCC30;&#xC9C0;&#xC6D0;&#xACFC;</dept_nm_lvl_4><dept_nm_lvl_5/><exec_yr>2022</exec_yr><exec_month>5</exec_month><expense_budget>0</expense_budget><expense_execution>0</expense_execution><category/><dept_nm_full>&#xC790;&#xCE58;&#xACBD;&#xCC30;&#xC704;&#xC6D0;&#xD68C; &#xC790;&#xCE58;&#xACBD;&#xCC30;&#xC9C0;&#xC6D0;&#xACFC;</dept_nm_full><exec_dt>2022-05-17 12:36</exec_dt><exec_loc>&#xBCF4;&#xB3CC;&#xBBF8;&#xC5ED;(&#xC911;&#xAD6C; &#xC138;&#xC885;&#xB300;&#xB85C;136)</exec_loc><exec_purpose>&#xC790;&#xCE58;&#xACBD;&#xCC30; &#xADFC;&#xBB34;&#xD658;&#xACBD; &#xC2E4;&#xC0AC; &#xACC4;&#xD68D; &#xAC80;&#xD1A0; &#xD68C;&#xC758;</exec_purpose><target_nm>&#xAD50;&#xC721;&#xD6C4;&#xC0DD;&#xD300;&#xC7A5; &#xC678; 3&#xBA85;</target_nm><payment_method>&#xC81C;&#xB85C;&#xD398;&#xC774;</payment_method><exec_amount>53000</exec_amount></Document18><Document19><nid>26076785</nid><title>2022&#xB144; 5&#xC6D4; &#xC11C;&#xC6B8;&#xC2DC;&#xBCF8;&#xCCAD; &#xC790;&#xCE58;&#xACBD;&#xCC30;&#xC704;&#xC6D0;&#xD68C; &#xC0AC;&#xBB34;&#xAD6D; &#xC790;&#xCE58;&#xACBD;&#xCC30;&#xC9C0;&#xC6D0;&#xACFC; &#xC5C5;&#xBB34;&#xCD94;&#xC9C4;&#xBE44; - &#xC2DC;&#xCC45;&#xCD94;&#xC9C4;</title><url>http://opengov.seoul.go.kr/expense/26076785</url><dept_nm_lvl_1>&#xC11C;&#xC6B8;&#xC2DC;&#xBCF8;&#xCCAD;</dept_nm_lvl_1><dept_nm_lvl_2>&#xC790;&#xCE58;&#xACBD;&#xCC30;&#xC704;&#xC6D0;&#xD68C;</dept_nm_lvl_2><dept_nm_lvl_3>&#xC0AC;&#xBB34;&#xAD6D;</dept_nm_lvl_3><dept_nm_lvl_4>&#xC790;&#xCE58;&#xACBD;&#xCC30;&#xC9C0;&#xC6D0;&#xACFC;</dept_nm_lvl_4><dept_nm_lvl_5/><exec_yr>2022</exec_yr><exec_month>5</exec_month><expense_budget>0</expense_budget><expense_execution>0</expense_execution><category/><dept_nm_full>&#xC790;&#xCE58;&#xACBD;&#xCC30;&#xC704;&#xC6D0;&#xD68C; &#xC790;&#xCE58;&#xACBD;&#xCC30;&#xC9C0;&#xC6D0;&#xACFC;</dept_nm_full><exec_dt>2022-05-16 12:19</exec_dt><exec_loc>&#xCC38;&#xC22F;&#xACE8;(&#xC911;&#xAD6C; &#xBB34;&#xAD50;&#xB85C; 16)</exec_loc><exec_purpose>&#xC911;&#xB791;&#xACBD;&#xCC30;&#xC11C; &#xC885;&#xD569;&#xAC10;&#xC0AC; &#xACC4;&#xD68D; &#xC218;&#xB9BD; &#xAC80;&#xD1A0; &#xD68C;&#xC758;</exec_purpose><target_nm>&#xC790;&#xCE58;&#xACBD;&#xCC30;&#xC9C0;&#xC6D0;&#xACFC;&#xC7A5; &#xC678; 4&#xBA85;</target_nm><payment_method>&#xCE74;&#xB4DC;</payment_method><exec_amount>65000</exec_amount></Document19><Document20><nid>26076785</nid><title>2022&#xB144; 5&#xC6D4; &#xC11C;&#xC6B8;&#xC2DC;&#xBCF8;&#xCCAD; &#xC790;&#xCE58;&#xACBD;&#xCC30;&#xC704;&#xC6D0;&#xD68C; &#xC0AC;&#xBB34;&#xAD6D; &#xC790;&#xCE58;&#xACBD;&#xCC30;&#xC9C0;&#xC6D0;&#xACFC; &#xC5C5;&#xBB34;&#xCD94;&#xC9C4;&#xBE44; - &#xC2DC;&#xCC45;&#xCD94;&#xC9C4;</title><url>http://opengov.seoul.go.kr/expense/26076785</url><dept_nm_lvl_1>&#xC11C;&#xC6B8;&#xC2DC;&#xBCF8;&#xCCAD;</dept_nm_lvl_1><dept_nm_lvl_2>&#xC790;&#xCE58;&#xACBD;&#xCC30;&#xC704;&#xC6D0;&#xD68C;</dept_nm_lvl_2><dept_nm_lvl_3>&#xC0AC;&#xBB34;&#xAD6D;</dept_nm_lvl_3><dept_nm_lvl_4>&#xC790;&#xCE58;&#xACBD;&#xCC30;&#xC9C0;&#xC6D0;&#xACFC;</dept_nm_lvl_4><dept_nm_lvl_5/><exec_yr>2022</exec_yr><exec_month>5</exec_month><expense_budget>0</expense_budget><expense_execution>0</expense_execution><category/><dept_nm_full>&#xC790;&#xCE58;&#xACBD;&#xCC30;&#xC704;&#xC6D0;&#xD68C; &#xC790;&#xCE58;&#xACBD;&#xCC30;&#xC9C0;&#xC6D0;&#xACFC;</dept_nm_full><exec_dt>2022-05-11 12:09</exec_dt><exec_loc>&#xBCF5;&#xC131;&#xAC01;(&#xC911;&#xAD6C; &#xB355;&#xC218;&#xAD81;&#xAE38; 7)</exec_loc><exec_purpose>&#xB3D9;&#xB8CC; &#xC778;&#xAD8C;&#xAC15;&#xC0AC; &#xC6B4;&#xC601; &#xAD00;&#xB828; &#xAC04;&#xB2F4;&#xD68C;</exec_purpose><target_nm>&#xC778;&#xAD8C;&#xAC10;&#xC0AC;&#xD300;&#xC7A5; &#xC678; 5&#xBA85;</target_nm><payment_method>&#xC81C;&#xB85C;&#xD398;&#xC774;</payment_method><exec_amount>84000</exec_amount></Document20><Document21><nid>26076785</nid><title>2022&#xB144; 5&#xC6D4; &#xC11C;&#xC6B8;&#xC2DC;&#xBCF8;&#xCCAD; &#xC790;&#xCE58;&#xACBD;&#xCC30;&#xC704;&#xC6D0;&#xD68C; &#xC0AC;&#xBB34;&#xAD6D; &#xC790;&#xCE58;&#xACBD;&#xCC30;&#xC9C0;&#xC6D0;&#xACFC; &#xC5C5;&#xBB34;&#xCD94;&#xC9C4;&#xBE44; - &#xC2DC;&#xCC45;&#xCD94;&#xC9C4;</title><url>http://opengov.seoul.go.kr/expense/26076785</url><dept_nm_lvl_1>&#xC11C;&#xC6B8;&#xC2DC;&#xBCF8;&#xCCAD;</dept_nm_lvl_1><dept_nm_lvl_2>&#xC790;&#xCE58;&#xACBD;&#xCC30;&#xC704;&#xC6D0;&#xD68C;</dept_nm_lvl_2><dept_nm_lvl_3>&#xC0AC;&#xBB34;&#xAD6D;</dept_nm_lvl_3><dept_nm_lvl_4>&#xC790;&#xCE58;&#xACBD;&#xCC30;&#xC9C0;&#xC6D0;&#xACFC;</dept_nm_lvl_4><dept_nm_lvl_5/><exec_yr>2022</exec_yr><exec_month>5</exec_month><expense_budget>0</expense_budget><expense_execution>0</expense_execution><category/><dept_nm_full>&#xC790;&#xCE58;&#xACBD;&#xCC30;&#xC704;&#xC6D0;&#xD68C; &#xC790;&#xCE58;&#xACBD;&#xCC30;&#xC9C0;&#xC6D0;&#xACFC;</dept_nm_full><exec_dt>2022-05-11 11:47</exec_dt><exec_loc>&#xD30C;&#xB9AC;&#xD06C;&#xB77C;&#xC0C1; &#xB9AC;&#xB098;&#xC2A4;(&#xC911;&#xAD6C; &#xBB34;&#xAD50;&#xB85C; 19)</exec_loc><exec_purpose>&#xC790;&#xCE58;&#xACBD;&#xCC30; &#xD6C4;&#xC0DD;&#xBCF5;&#xC9C0; &#xC81C;&#xB3C4; &#xAD00;&#xB828; &#xAC80;&#xD1A0; &#xD68C;&#xC758;</exec_purpose><target_nm>&#xC790;&#xCE58;&#xACBD;&#xCC30;&#xC9C0;&#xC6D0;&#xACFC;&#xC7A5; &#xC678; 4&#xBA85;</target_nm><payment_method>&#xCE74;&#xB4DC;</payment_method><exec_amount>100000</exec_amount></Document21><Document22><nid>26076785</nid><title>2022&#xB144; 5&#xC6D4; &#xC11C;&#xC6B8;&#xC2DC;&#xBCF8;&#xCCAD; &#xC790;&#xCE58;&#xACBD;&#xCC30;&#xC704;&#xC6D0;&#xD68C; &#xC0AC;&#xBB34;&#xAD6D; &#xC790;&#xCE58;&#xACBD;&#xCC30;&#xC9C0;&#xC6D0;&#xACFC; &#xC5C5;&#xBB34;&#xCD94;&#xC9C4;&#xBE44; - &#xC2DC;&#xCC45;&#xCD94;&#xC9C4;</title><url>http://opengov.seoul.go.kr/expense/26076785</url><dept_nm_lvl_1>&#xC11C;&#xC6B8;&#xC2DC;&#xBCF8;&#xCCAD;</dept_nm_lvl_1><dept_nm_lvl_2>&#xC790;&#xCE58;&#xACBD;&#xCC30;&#xC704;&#xC6D0;&#xD68C;</dept_nm_lvl_2><dept_nm_lvl_3>&#xC0AC;&#xBB34;&#xAD6D;</dept_nm_lvl_3><dept_nm_lvl_4>&#xC790;&#xCE58;&#xACBD;&#xCC30;&#xC9C0;&#xC6D0;&#xACFC;</dept_nm_lvl_4><dept_nm_lvl_5/><exec_yr>2022</exec_yr><exec_month>5</exec_month><expense_budget>0</expense_budget><expense_execution>0</expense_execution><category/><dept_nm_full>&#xC790;&#xCE58;&#xACBD;&#xCC30;&#xC704;&#xC6D0;&#xD68C; &#xC790;&#xCE58;&#xACBD;&#xCC30;&#xC9C0;&#xC6D0;&#xACFC;</dept_nm_full><exec_dt>2022-05-09 12:17</exec_dt><exec_loc>&#xC815;&#xC120;&#xD560;&#xB9E4;&#xACE4;&#xB4DC;&#xB808;&#xBC25; &#xBB34;&#xAD50;&#xC810;(&#xC911;&#xAD6C; &#xC138;&#xC885;&#xB300;&#xB85C; 124)</exec_loc><exec_purpose>&#xC790;&#xCE58;&#xACBD;&#xCC30; &#xADFC;&#xBB34;&#xD658;&#xACBD; &#xAC80;&#xD1A0; &#xD68C;&#xC758;</exec_purpose><target_nm>&#xC790;&#xCE58;&#xACBD;&#xCC30;&#xC9C0;&#xC6D0;&#xACFC;&#xC7A5;, &#xAD50;&#xC721;&#xD6C4;&#xC0DD;&#xD300;&#xC7A5; &#xC678; 2&#xBA85;</target_nm><payment_method>&#xC81C;&#xB85C;&#xD398;&#xC774;</payment_method><exec_amount>52000</exec_amount></Document22><Document23><nid>26076785</nid><title>2022&#xB144; 5&#xC6D4; &#xC11C;&#xC6B8;&#xC2DC;&#xBCF8;&#xCCAD; &#xC790;&#xCE58;&#xACBD;&#xCC30;&#xC704;&#xC6D0;&#xD68C; &#xC0AC;&#xBB34;&#xAD6D; &#xC790;&#xCE58;&#xACBD;&#xCC30;&#xC9C0;&#xC6D0;&#xACFC; &#xC5C5;&#xBB34;&#xCD94;&#xC9C4;&#xBE44; - &#xC2DC;&#xCC45;&#xCD94;&#xC9C4;</title><url>http://opengov.seoul.go.kr/expense/26076785</url><dept_nm_lvl_1>&#xC11C;&#xC6B8;&#xC2DC;&#xBCF8;&#xCCAD;</dept_nm_lvl_1><dept_nm_lvl_2>&#xC790;&#xCE58;&#xACBD;&#xCC30;&#xC704;&#xC6D0;&#xD68C;</dept_nm_lvl_2><dept_nm_lvl_3>&#xC0AC;&#xBB34;&#xAD6D;</dept_nm_lvl_3><dept_nm_lvl_4>&#xC790;&#xCE58;&#xACBD;&#xCC30;&#xC9C0;&#xC6D0;&#xACFC;</dept_nm_lvl_4><dept_nm_lvl_5/><exec_yr>2022</exec_yr><exec_month>5</exec_month><expense_budget>0</expense_budget><expense_execution>0</expense_execution><category/><dept_nm_full>&#xC790;&#xCE58;&#xACBD;&#xCC30;&#xC704;&#xC6D0;&#xD68C; &#xC790;&#xCE58;&#xACBD;&#xCC30;&#xC9C0;&#xC6D0;&#xACFC;</dept_nm_full><exec_dt>2022-05-04 12:14</exec_dt><exec_loc>&#xBCF4;&#xB3CC;&#xBBF8;&#xC5ED;(&#xC911;&#xAD6C; &#xC138;&#xC885;&#xB300;&#xB85C;136)</exec_loc><exec_purpose>&#xC11C;&#xC6B8;&#xCCAD; &#xC9C1;&#xC7A5;&#xD611;&#xC758;&#xD68C; &#xAC04;&#xB2F4;&#xD68C; &#xAC1C;&#xCD5C; &#xAD00;&#xB828; &#xAC80;&#xD1A0; &#xD68C;&#xC758;</exec_purpose><target_nm>&#xAD50;&#xC721;&#xD6C4;&#xC0DD;&#xD300;&#xC7A5; &#xC678; 4&#xBA85;</target_nm><payment_method>&#xC81C;&#xB85C;&#xD398;&#xC774;</payment_method><exec_amount>64000</exec_amount></Document23><Document24><nid>26076784</nid><title>2022&#xB144; 5&#xC6D4; &#xC18C;&#xBC29;&#xC7AC;&#xB09C;&#xBCF8;&#xBD80;(&#xC18C;&#xBC29;&#xC11C;) 119&#xD2B9;&#xC218;&#xAD6C;&#xC870;&#xB2E8; &#xC18C;&#xBC29;&#xD56D;&#xACF5;&#xB300; &#xC5C5;&#xBB34;&#xCD94;&#xC9C4;&#xBE44; - &#xBD80;&#xC11C;&#xC6B4;&#xC601;</title><url>http://opengov.seoul.go.kr/expense/26076784</url><dept_nm_lvl_1>&#xC18C;&#xBC29;&#xC7AC;&#xB09C;&#xBCF8;&#xBD80;(&#xC18C;&#xBC29;&#xC11C;)</dept_nm_lvl_1><dept_nm_lvl_2>119&#xD2B9;&#xC218;&#xAD6C;&#xC870;&#xB2E8;</dept_nm_lvl_2><dept_nm_lvl_3>&#xC18C;&#xBC29;&#xD56D;&#xACF5;&#xB300;</dept_nm_lvl_3><dept_nm_lvl_4/><dept_nm_lvl_5/><exec_yr>2022</exec_yr><exec_month>5</exec_month><expense_budget>0</expense_budget><expense_execution>0</expense_execution><category/><dept_nm_full>119&#xD2B9;&#xC218;&#xAD6C;&#xC870;&#xB2E8; &#xC18C;&#xBC29;&#xD56D;&#xACF5;&#xB300;</dept_nm_full><exec_dt>2022-05-30 19:59</exec_dt><exec_loc>&#xB4F1;&#xCD0C;&#xC815;&#xC721;&#xC2DD;&#xB2F9;(&#xAC15;&#xC11C;&#xAD6C; &#xACF5;&#xD56D;&#xB300;&#xB85C;59&#xAE38; 75)</exec_loc><exec_purpose>&#xC0AC;&#xAE30;&#xC9C4;&#xC791;&#xC744; &#xC704;&#xD55C; &#xBD80;&#xC11C;&#xC6B4;&#xC601; &#xD300;&#xBCC4; &#xAC04;&#xB2F4;&#xD68C;</exec_purpose><target_nm>&#xC18C;&#xBC29;&#xD56D;&#xACF5;&#xB300;&#xC7A5; &#xC678; &#xC9C1;&#xC6D0; 9&#xBA85;</target_nm><payment_method>&#xC81C;&#xB85C;&#xD398;&#xC774;</payment_method><exec_amount>250000</exec_amount></Document24><Document25><nid>26076784</nid><title>2022&#xB144; 5&#xC6D4; &#xC18C;&#xBC29;&#xC7AC;&#xB09C;&#xBCF8;&#xBD80;(&#xC18C;&#xBC29;&#xC11C;) 119&#xD2B9;&#xC218;&#xAD6C;&#xC870;&#xB2E8; &#xC18C;&#xBC29;&#xD56D;&#xACF5;&#xB300; &#xC5C5;&#xBB34;&#xCD94;&#xC9C4;&#xBE44; - &#xBD80;&#xC11C;&#xC6B4;&#xC601;</title><url>http://opengov.seoul.go.kr/expense/26076784</url><dept_nm_lvl_1>&#xC18C;&#xBC29;&#xC7AC;&#xB09C;&#xBCF8;&#xBD80;(&#xC18C;&#xBC29;&#xC11C;)</dept_nm_lvl_1><dept_nm_lvl_2>119&#xD2B9;&#xC218;&#xAD6C;&#xC870;&#xB2E8;</dept_nm_lvl_2><dept_nm_lvl_3>&#xC18C;&#xBC29;&#xD56D;&#xACF5;&#xB300;</dept_nm_lvl_3><dept_nm_lvl_4/><dept_nm_lvl_5/><exec_yr>2022</exec_yr><exec_month>5</exec_month><expense_budget>0</expense_budget><expense_execution>0</expense_execution><category/><dept_nm_full>119&#xD2B9;&#xC218;&#xAD6C;&#xC870;&#xB2E8; &#xC18C;&#xBC29;&#xD56D;&#xACF5;&#xB300;</dept_nm_full><exec_dt>2022-05-17 15:20</exec_dt><exec_loc>&#xC774;&#xB9C8;&#xD2B8; &#xAC00;&#xC591;&#xC810;(&#xAC15;&#xC11C;&#xAD6C; &#xC591;&#xCC9C;&#xB85C; 559)</exec_loc><exec_purpose>&#xCEE4;&#xD53C; &#xBC0F; &#xCC28;&#xB958; &#xAD6C;&#xB9E4;</exec_purpose><target_nm>&#xC18C;&#xBC29;&#xD56D;&#xACF5;&#xB300;&#xC7A5; &#xC678; &#xC9C1;&#xC6D0; 26&#xBA85;</target_nm><payment_method>&#xC81C;&#xB85C;&#xD398;&#xC774;</payment_method><exec_amount>146500</exec_amount></Document25><Document26><nid>26076782</nid><title>2022&#xB144; 5&#xC6D4; &#xC11C;&#xC6B8;&#xC2DC;&#xBCF8;&#xCCAD; &#xC2DC;&#xBBFC;&#xD611;&#xB825;&#xAD6D; &#xC9C0;&#xC5ED;&#xACF5;&#xB3D9;&#xCCB4;&#xACFC; &#xC5C5;&#xBB34;&#xCD94;&#xC9C4;&#xBE44; - &#xC2DC;&#xCC45;&#xCD94;&#xC9C4; &#xBD80;&#xC11C;&#xC6B4;&#xC601;</title><url>http://opengov.seoul.go.kr/expense/26076782</url><dept_nm_lvl_1>&#xC11C;&#xC6B8;&#xC2DC;&#xBCF8;&#xCCAD;</dept_nm_lvl_1><dept_nm_lvl_2>&#xC2DC;&#xBBFC;&#xD611;&#xB825;&#xAD6D;</dept_nm_lvl_2><dept_nm_lvl_3>&#xC9C0;&#xC5ED;&#xACF5;&#xB3D9;&#xCCB4;&#xACFC;</dept_nm_lvl_3><dept_nm_lvl_4/><dept_nm_lvl_5/><exec_yr>2022</exec_yr><exec_month>5</exec_month><expense_budget>0</expense_budget><expense_execution>0</expense_execution><category/><dept_nm_full>&#xC9C0;&#xC5ED;&#xACF5;&#xB3D9;&#xCCB4;&#xACFC;</dept_nm_full><exec_dt>2022-05-02 15:43</exec_dt><exec_loc>&#xC11C;&#xC6B8;&#xC2DC;&#xCCAD; &#xCE74;&#xD398;&#xD14C;&#xB9AC;&#xC544; &#xB9C8;&#xB8E8;(&#xC911;&#xAD6C; &#xC11C;&#xC18C;&#xBB38;&#xB85C; 124, &#xC2DC;&#xD2F0;&#xC2A4;&#xD018;&#xC5B4;)</exec_loc><exec_purpose>&#xC11C;&#xC6B8;&#xC2DC;&#xAC04;&#xC740;&#xD589; &#xBC1C;&#xB300;&#xC2DD; &#xD589;&#xC0AC; &#xAD00;&#xB828; &#xB2E4;&#xACFC;&#xBE44;&#xC6A9; &#xC9C0;&#xAE09;</exec_purpose><target_nm>&#xC2DC;&#xBBFC;&#xD611;&#xB825;&#xAD6D;&#xC7A5;, &#xC9C0;&#xC5ED;&#xACF5;&#xB3D9;&#xCCB4;&#xACFC;&#xC7A5; &#xB4F1; 10&#xBA85;</target_nm><payment_method>&#xCE74;&#xB4DC;</payment_method><exec_amount>87300</exec_amount></Document26><Document27><nid>26076782</nid><title>2022&#xB144; 5&#xC6D4; &#xC11C;&#xC6B8;&#xC2DC;&#xBCF8;&#xCCAD; &#xC2DC;&#xBBFC;&#xD611;&#xB825;&#xAD6D; &#xC9C0;&#xC5ED;&#xACF5;&#xB3D9;&#xCCB4;&#xACFC; &#xC5C5;&#xBB34;&#xCD94;&#xC9C4;&#xBE44; - &#xC2DC;&#xCC45;&#xCD94;&#xC9C4; &#xBD80;&#xC11C;&#xC6B4;&#xC601;</title><url>http://opengov.seoul.go.kr/expense/26076782</url><dept_nm_lvl_1>&#xC11C;&#xC6B8;&#xC2DC;&#xBCF8;&#xCCAD;</dept_nm_lvl_1><dept_nm_lvl_2>&#xC2DC;&#xBBFC;&#xD611;&#xB825;&#xAD6D;</dept_nm_lvl_2><dept_nm_lvl_3>&#xC9C0;&#xC5ED;&#xACF5;&#xB3D9;&#xCCB4;&#xACFC;</dept_nm_lvl_3><dept_nm_lvl_4/><dept_nm_lvl_5/><exec_yr>2022</exec_yr><exec_month>5</exec_month><expense_budget>0</expense_budget><expense_execution>0</expense_execution><category/><dept_nm_full>&#xC9C0;&#xC5ED;&#xACF5;&#xB3D9;&#xCCB4;&#xACFC;</dept_nm_full><exec_dt>2022-05-10 21:49</exec_dt><exec_loc>&#xAD11;&#xD654;&#xBB38; &#xC625;&#xC0C1;&#xD3EC;&#xCC28;(&#xC885;&#xB85C;&#xAD6C; &#xC0C8;&#xBB38;&#xC548;&#xB85C; 11)</exec_loc><exec_purpose>&#xC11C;&#xC6B8;&#xC2DC;&#xAC04;&#xC740;&#xD589; &#xC2DC;&#xBC94;&#xC0AC;&#xC5C5; &#xCD94;&#xC9C4; &#xAD00;&#xB828; &#xAC04;&#xB2F4;&#xD68C;&#xBE44; &#xC9C0;&#xAE09;</exec_purpose><target_nm>&#xC9C0;&#xC5ED;&#xACF5;&#xB3D9;&#xCCB4;&#xACFC;&#xC7A5; &#xB4F1; 9&#xBA85;</target_nm><payment_method>&#xCE74;&#xB4DC;</payment_method><exec_amount>171000</exec_amount></Document27><Document28><nid>26076782</nid><title>2022&#xB144; 5&#xC6D4; &#xC11C;&#xC6B8;&#xC2DC;&#xBCF8;&#xCCAD; &#xC2DC;&#xBBFC;&#xD611;&#xB825;&#xAD6D; &#xC9C0;&#xC5ED;&#xACF5;&#xB3D9;&#xCCB4;&#xACFC; &#xC5C5;&#xBB34;&#xCD94;&#xC9C4;&#xBE44; - &#xC2DC;&#xCC45;&#xCD94;&#xC9C4; &#xBD80;&#xC11C;&#xC6B4;&#xC601;</title><url>http://opengov.seoul.go.kr/expense/26076782</url><dept_nm_lvl_1>&#xC11C;&#xC6B8;&#xC2DC;&#xBCF8;&#xCCAD;</dept_nm_lvl_1><dept_nm_lvl_2>&#xC2DC;&#xBBFC;&#xD611;&#xB825;&#xAD6D;</dept_nm_lvl_2><dept_nm_lvl_3>&#xC9C0;&#xC5ED;&#xACF5;&#xB3D9;&#xCCB4;&#xACFC;</dept_nm_lvl_3><dept_nm_lvl_4/><dept_nm_lvl_5/><exec_yr>2022</exec_yr><exec_month>5</exec_month><expense_budget>0</expense_budget><expense_execution>0</expense_execution><category/><dept_nm_full>&#xC9C0;&#xC5ED;&#xACF5;&#xB3D9;&#xCCB4;&#xACFC;</dept_nm_full><exec_dt>2022-05-11 13:07</exec_dt><exec_loc>ENA(&#xC911;&#xAD6C; &#xC138;&#xC885;&#xB300;&#xB85C; 11&#xAE38; 36)</exec_loc><exec_purpose>&#xD604;&#xC548;&#xC5C5;&#xBB34;(&#xC11C;&#xC6B8;&#xD615; &#xC8FC;&#xBBFC;&#xC790;&#xCE58; &#xB4F1;) &#xCD94;&#xC9C4; &#xC9C1;&#xC6D0; &#xACA9;&#xB824; &#xAC04;&#xB2F4;&#xD68C;&#xBE44; &#xC9C0;&#xAE09;</exec_purpose><target_nm>&#xC9C0;&#xC5ED;&#xACF5;&#xB3D9;&#xCCB4;&#xACFC;&#xC7A5; &#xB4F1; 4&#xBA85;</target_nm><payment_method>&#xCE74;&#xB4DC;</payment_method><exec_amount>94000</exec_amount></Document28><Document29><nid>26076782</nid><title>2022&#xB144; 5&#xC6D4; &#xC11C;&#xC6B8;&#xC2DC;&#xBCF8;&#xCCAD; &#xC2DC;&#xBBFC;&#xD611;&#xB825;&#xAD6D; &#xC9C0;&#xC5ED;&#xACF5;&#xB3D9;&#xCCB4;&#xACFC; &#xC5C5;&#xBB34;&#xCD94;&#xC9C4;&#xBE44; - &#xC2DC;&#xCC45;&#xCD94;&#xC9C4; &#xBD80;&#xC11C;&#xC6B4;&#xC601;</title><url>http://opengov.seoul.go.kr/expense/26076782</url><dept_nm_lvl_1>&#xC11C;&#xC6B8;&#xC2DC;&#xBCF8;&#xCCAD;</dept_nm_lvl_1><dept_nm_lvl_2>&#xC2DC;&#xBBFC;&#xD611;&#xB825;&#xAD6D;</dept_nm_lvl_2><dept_nm_lvl_3>&#xC9C0;&#xC5ED;&#xACF5;&#xB3D9;&#xCCB4;&#xACFC;</dept_nm_lvl_3><dept_nm_lvl_4/><dept_nm_lvl_5/><exec_yr>2022</exec_yr><exec_month>5</exec_month><expense_budget>0</expense_budget><expense_execution>0</expense_execution><category/><dept_nm_full>&#xC9C0;&#xC5ED;&#xACF5;&#xB3D9;&#xCCB4;&#xACFC;</dept_nm_full><exec_dt>2022-05-13 13:12</exec_dt><exec_loc>&#xCC38;&#xCE58;&#xACF5;&#xBC29; &#xC2DC;&#xCCAD;&#xC9C0;&#xC810;(&#xC911;&#xAD6C; &#xC138;&#xC885;&#xB300;&#xB85C; 64 1&#xCE35;)</exec_loc><exec_purpose>&#xD604;&#xC548;&#xC5C5;&#xBB34;(&#xB9C8;&#xC744;&#xD65C;&#xB825;&#xC18C; &#xC870;&#xC131;&#xC9C0;&#xC6D0; &#xB4F1;) &#xCD94;&#xC9C4; &#xC9C1;&#xC6D0; &#xACA9;&#xB824; &#xAC04;&#xB2F4;&#xD68C;&#xBE44; &#xC9C0;&#xAE09;</exec_purpose><target_nm>&#xC9C0;&#xC5ED;&#xACF5;&#xB3D9;&#xCCB4;&#xACFC;&#xC7A5;&#xB4F1; 5&#xBA85;</target_nm><payment_method>&#xCE74;&#xB4DC;</payment_method><exec_amount>125000</exec_amount></Document29><Document30><nid>26076782</nid><title>2022&#xB144; 5&#xC6D4; &#xC11C;&#xC6B8;&#xC2DC;&#xBCF8;&#xCCAD; &#xC2DC;&#xBBFC;&#xD611;&#xB825;&#xAD6D; &#xC9C0;&#xC5ED;&#xACF5;&#xB3D9;&#xCCB4;&#xACFC; &#xC5C5;&#xBB34;&#xCD94;&#xC9C4;&#xBE44; - &#xC2DC;&#xCC45;&#xCD94;&#xC9C4; &#xBD80;&#xC11C;&#xC6B4;&#xC601;</title><url>http://opengov.seoul.go.kr/expense/26076782</url><dept_nm_lvl_1>&#xC11C;&#xC6B8;&#xC2DC;&#xBCF8;&#xCCAD;</dept_nm_lvl_1><dept_nm_lvl_2>&#xC2DC;&#xBBFC;&#xD611;&#xB825;&#xAD6D;</dept_nm_lvl_2><dept_nm_lvl_3>&#xC9C0;&#xC5ED;&#xACF5;&#xB3D9;&#xCCB4;&#xACFC;</dept_nm_lvl_3><dept_nm_lvl_4/><dept_nm_lvl_5/><exec_yr>2022</exec_yr><exec_month>5</exec_month><expense_budget>0</expense_budget><expense_execution>0</expense_execution><category/><dept_nm_full>&#xC9C0;&#xC5ED;&#xACF5;&#xB3D9;&#xCCB4;&#xACFC;</dept_nm_full><exec_dt>2022-05-16 12:59</exec_dt><exec_loc>&#xCC38;&#xCE58;&#xACF5;&#xBC29; &#xC2DC;&#xCCAD;&#xC9C0;&#xC810;(&#xC911;&#xAD6C; &#xC138;&#xC885;&#xB300;&#xB85C; 64 1&#xCE35;)</exec_loc><exec_purpose>&#xD604;&#xC548;&#xC5C5;&#xBB34;(&#xC11C;&#xC6B8;&#xC2DC;&#xAC04;&#xC740;&#xD589; &#xC2DC;&#xBC94;&#xC0AC;&#xC5C5; &#xB4F1;) &#xCD94;&#xC9C4; &#xC9C1;&#xC6D0; &#xACA9;&#xB824; &#xAC04;&#xB2F4;&#xD68C;&#xBE44; &#xC9C0;&#xAE09;</exec_purpose><target_nm>&#xC9C0;&#xC5ED;&#xACF5;&#xB3D9;&#xCCB4;&#xACFC;&#xC7A5;&#xB4F1; 6&#xBA85;</target_nm><payment_method>&#xCE74;&#xB4DC;</payment_method><exec_amount>150000</exec_amount></Document30><Document31><nid>26076782</nid><title>2022&#xB144; 5&#xC6D4; &#xC11C;&#xC6B8;&#xC2DC;&#xBCF8;&#xCCAD; &#xC2DC;&#xBBFC;&#xD611;&#xB825;&#xAD6D; &#xC9C0;&#xC5ED;&#xACF5;&#xB3D9;&#xCCB4;&#xACFC; &#xC5C5;&#xBB34;&#xCD94;&#xC9C4;&#xBE44; - &#xC2DC;&#xCC45;&#xCD94;&#xC9C4; &#xBD80;&#xC11C;&#xC6B4;&#xC601;</title><url>http://opengov.seoul.go.kr/expense/26076782</url><dept_nm_lvl_1>&#xC11C;&#xC6B8;&#xC2DC;&#xBCF8;&#xCCAD;</dept_nm_lvl_1><dept_nm_lvl_2>&#xC2DC;&#xBBFC;&#xD611;&#xB825;&#xAD6D;</dept_nm_lvl_2><dept_nm_lvl_3>&#xC9C0;&#xC5ED;&#xACF5;&#xB3D9;&#xCCB4;&#xACFC;</dept_nm_lvl_3><dept_nm_lvl_4/><dept_nm_lvl_5/><exec_yr>2022</exec_yr><exec_month>5</exec_month><expense_budget>0</expense_budget><expense_execution>0</expense_execution><category/><dept_nm_full>&#xC9C0;&#xC5ED;&#xACF5;&#xB3D9;&#xCCB4;&#xACFC;</dept_nm_full><exec_dt>2022-05-19 12:50</exec_dt><exec_loc>&#xC2A4;&#xD328;&#xB274;&#xC2DC;&#xCCAD;&#xC9C0;&#xC810;(&#xC911;&#xAD6C; &#xD0DC;&#xD3C9;&#xB85C;2&#xAC00; 362-1)</exec_loc><exec_purpose>&#xBD80;&#xC11C; &#xD604;&#xC548;&#xC5C5;&#xBB34; &#xCD94;&#xC9C4; &#xC9C1;&#xC6D0;(&#xC790;&#xCE58;&#xAD6C; &#xB9C8;&#xC744;&#xC0DD;&#xD0DC;&#xACC4;&#xC0AC;&#xC5C5; &#xC6B4;&#xC601;) &#xACA9;&#xB824;&#xBE44;&#xC6A9; &#xC9C0;&#xAE09;</exec_purpose><target_nm>&#xC9C0;&#xC5ED;&#xACF5;&#xB3D9;&#xCCB4;&#xACFC;&#xC7A5;, &#xB9C8;&#xC744;&#xD611;&#xB825;&#xD300;&#xC7A5; &#xB4F1;  4&#xBA85;</target_nm><payment_method>&#xCE74;&#xB4DC;</payment_method><exec_amount>76800</exec_amount></Document31><Document32><nid>26076782</nid><title>2022&#xB144; 5&#xC6D4; &#xC11C;&#xC6B8;&#xC2DC;&#xBCF8;&#xCCAD; &#xC2DC;&#xBBFC;&#xD611;&#xB825;&#xAD6D; &#xC9C0;&#xC5ED;&#xACF5;&#xB3D9;&#xCCB4;&#xACFC; &#xC5C5;&#xBB34;&#xCD94;&#xC9C4;&#xBE44; - &#xC2DC;&#xCC45;&#xCD94;&#xC9C4; &#xBD80;&#xC11C;&#xC6B4;&#xC601;</title><url>http://opengov.seoul.go.kr/expense/26076782</url><dept_nm_lvl_1>&#xC11C;&#xC6B8;&#xC2DC;&#xBCF8;&#xCCAD;</dept_nm_lvl_1><dept_nm_lvl_2>&#xC2DC;&#xBBFC;&#xD611;&#xB825;&#xAD6D;</dept_nm_lvl_2><dept_nm_lvl_3>&#xC9C0;&#xC5ED;&#xACF5;&#xB3D9;&#xCCB4;&#xACFC;</dept_nm_lvl_3><dept_nm_lvl_4/><dept_nm_lvl_5/><exec_yr>2022</exec_yr><exec_month>5</exec_month><expense_budget>0</expense_budget><expense_execution>0</expense_execution><category/><dept_nm_full>&#xC9C0;&#xC5ED;&#xACF5;&#xB3D9;&#xCCB4;&#xACFC;</dept_nm_full><exec_dt>2022-05-19 20:31</exec_dt><exec_loc>&#xB9C8;&#xCD08;(&#xC885;&#xB85C;&#xAD6C; &#xC0AC;&#xC9C1;&#xB85C;10&#xAE38; 19)</exec_loc><exec_purpose>&#xBD80;&#xC11C; &#xD604;&#xC548;&#xC5C5;&#xBB34; &#xCD94;&#xC9C4; &#xC9C1;&#xC6D0; &#xACA9;&#xB824;&#xBE44;&#xC6A9; &#xC9C0;&#xAE09;</exec_purpose><target_nm>&#xC9C0;&#xC5ED;&#xAE30;&#xD68D;&#xD300;&#xC7A5;,&#xC790;&#xCE58;&#xD300;&#xC7A5;,&#xACF5;&#xAC04;&#xD300;&#xC7A5; &#xB4F1; 13&#xBA85;</target_nm><payment_method>&#xCE74;&#xB4DC;</payment_method><exec_amount>254000</exec_amount></Document32><Document33><nid>26076782</nid><title>2022&#xB144; 5&#xC6D4; &#xC11C;&#xC6B8;&#xC2DC;&#xBCF8;&#xCCAD; &#xC2DC;&#xBBFC;&#xD611;&#xB825;&#xAD6D; &#xC9C0;&#xC5ED;&#xACF5;&#xB3D9;&#xCCB4;&#xACFC; &#xC5C5;&#xBB34;&#xCD94;&#xC9C4;&#xBE44; - &#xC2DC;&#xCC45;&#xCD94;&#xC9C4; &#xBD80;&#xC11C;&#xC6B4;&#xC601;</title><url>http://opengov.seoul.go.kr/expense/26076782</url><dept_nm_lvl_1>&#xC11C;&#xC6B8;&#xC2DC;&#xBCF8;&#xCCAD;</dept_nm_lvl_1><dept_nm_lvl_2>&#xC2DC;&#xBBFC;&#xD611;&#xB825;&#xAD6D;</dept_nm_lvl_2><dept_nm_lvl_3>&#xC9C0;&#xC5ED;&#xACF5;&#xB3D9;&#xCCB4;&#xACFC;</dept_nm_lvl_3><dept_nm_lvl_4/><dept_nm_lvl_5/><exec_yr>2022</exec_yr><exec_month>5</exec_month><expense_budget>0</expense_budget><expense_execution>0</expense_execution><category/><dept_nm_full>&#xC9C0;&#xC5ED;&#xACF5;&#xB3D9;&#xCCB4;&#xACFC;</dept_nm_full><exec_dt>2022-05-23 13:11</exec_dt><exec_loc>&#xCC28;&#xC774;797 &#xC2DC;&#xCCAD;&#xC810;(&#xC911;&#xAD6C; &#xC11C; &#xC18C;&#xBB38;&#xB85C; 120)</exec_loc><exec_purpose>&#xBD80;&#xC11C; &#xD604;&#xC548;&#xC5C5;&#xBB34;(&#xACF5;&#xB3D9;&#xCCB4;&#xACF5;&#xAC04;) &#xCD94;&#xC9C4; &#xC9C1;&#xC6D0; &#xACA9;&#xB824;&#xBE44;&#xC6A9; &#xC9C0;&#xAE09;</exec_purpose><target_nm>&#xC9C0;&#xC5ED;&#xACF5;&#xB3D9;&#xCCB4;&#xACFC;&#xC7A5;, &#xACF5;&#xB3D9;&#xCCB4;&#xACF5;&#xAC04;&#xD300;&#xC7A5;&#xB4F1; 6&#xBA85;</target_nm><payment_method>&#xCE74;&#xB4DC;</payment_method><exec_amount>148000</exec_amount></Document33><Document34><nid>26076782</nid><title>2022&#xB144; 5&#xC6D4; &#xC11C;&#xC6B8;&#xC2DC;&#xBCF8;&#xCCAD; &#xC2DC;&#xBBFC;&#xD611;&#xB825;&#xAD6D; &#xC9C0;&#xC5ED;&#xACF5;&#xB3D9;&#xCCB4;&#xACFC; &#xC5C5;&#xBB34;&#xCD94;&#xC9C4;&#xBE44; - &#xC2DC;&#xCC45;&#xCD94;&#xC9C4; &#xBD80;&#xC11C;&#xC6B4;&#xC601;</title><url>http://opengov.seoul.go.kr/expense/26076782</url><dept_nm_lvl_1>&#xC11C;&#xC6B8;&#xC2DC;&#xBCF8;&#xCCAD;</dept_nm_lvl_1><dept_nm_lvl_2>&#xC2DC;&#xBBFC;&#xD611;&#xB825;&#xAD6D;</dept_nm_lvl_2><dept_nm_lvl_3>&#xC9C0;&#xC5ED;&#xACF5;&#xB3D9;&#xCCB4;&#xACFC;</dept_nm_lvl_3><dept_nm_lvl_4/><dept_nm_lvl_5/><exec_yr>2022</exec_yr><exec_month>5</exec_month><expense_budget>0</expense_budget><expense_execution>0</expense_execution><category/><dept_nm_full>&#xC9C0;&#xC5ED;&#xACF5;&#xB3D9;&#xCCB4;&#xACFC;</dept_nm_full><exec_dt>2022-05-26 19:39</exec_dt><exec_loc>&#xC18C;&#xACF5;&#xC18C;&#xACF5;(&#xC911;&#xAD6C; &#xC138;&#xC885;&#xB300;&#xB85C; 18&#xAE38; 16-5)</exec_loc><exec_purpose>&#xACF5;&#xB3D9;&#xCCB4;&#xACF5;&#xAC04; &#xC9C0;&#xBC29;&#xBCF4;&#xC870;&#xAE08;&#xC2EC;&#xC758;&#xC704;&#xC6D0;&#xD68C; &#xAD00;&#xB828; &#xAC04;&#xB2F4;&#xD68C; &#xBE44;&#xC6A9; &#xC9C0;&#xAE09;</exec_purpose><target_nm>&#xACF5;&#xB3D9;&#xCCB4;&#xACF5;&#xAC04;&#xD300;&#xC7A5; &#xB4F1; 7&#xBA85;</target_nm><payment_method>&#xCE74;&#xB4DC;</payment_method><exec_amount>103000</exec_amount></Document34><Document35><nid>26076782</nid><title>2022&#xB144; 5&#xC6D4; &#xC11C;&#xC6B8;&#xC2DC;&#xBCF8;&#xCCAD; &#xC2DC;&#xBBFC;&#xD611;&#xB825;&#xAD6D; &#xC9C0;&#xC5ED;&#xACF5;&#xB3D9;&#xCCB4;&#xACFC; &#xC5C5;&#xBB34;&#xCD94;&#xC9C4;&#xBE44; - &#xC2DC;&#xCC45;&#xCD94;&#xC9C4; &#xBD80;&#xC11C;&#xC6B4;&#xC601;</title><url>http://opengov.seoul.go.kr/expense/26076782</url><dept_nm_lvl_1>&#xC11C;&#xC6B8;&#xC2DC;&#xBCF8;&#xCCAD;</dept_nm_lvl_1><dept_nm_lvl_2>&#xC2DC;&#xBBFC;&#xD611;&#xB825;&#xAD6D;</dept_nm_lvl_2><dept_nm_lvl_3>&#xC9C0;&#xC5ED;&#xACF5;&#xB3D9;&#xCCB4;&#xACFC;</dept_nm_lvl_3><dept_nm_lvl_4/><dept_nm_lvl_5/><exec_yr>2022</exec_yr><exec_month>5</exec_month><expense_budget>0</expense_budget><expense_execution>0</expense_execution><category/><dept_nm_full>&#xC9C0;&#xC5ED;&#xACF5;&#xB3D9;&#xCCB4;&#xACFC;</dept_nm_full><exec_dt>2022-05-27 13:09</exec_dt><exec_loc>&#xC368;&#xB2C8;&#xCE74;&#xD398;(&#xC11C;&#xB300;&#xBB38;&#xAD6C; &#xD3EC;&#xBC29;&#xD130;&#xAE38; 57)</exec_loc><exec_purpose>&#xC11C;&#xC6B8;&#xC2DC;&#xAC04;&#xC740;&#xD589; &#xC2DC;&#xBC94;&#xC0AC;&#xC5C5; &#xAD00;&#xB828; &#xAC04;&#xB2F4;&#xD68C;&#xBE44; &#xC9C0;&#xAE09;</exec_purpose><target_nm>&#xAD6D;&#xC7A5;&#xB2D8;, &#xC9C0;&#xC5ED;&#xAE30;&#xD68D;&#xD300;&#xC7A5; &#xB4F1; 6&#xBA85;</target_nm><payment_method>&#xCE74;&#xB4DC;</payment_method><exec_amount>13800</exec_amount></Document35><Document36><nid>26076781</nid><title>2022&#xB144; 5&#xC6D4; &#xC0AC;&#xC5C5;&#xC18C; &#xC740;&#xD3C9;&#xBCD1;&#xC6D0; &#xC57D;&#xC81C;&#xACFC; &#xC5C5;&#xBB34;&#xCD94;&#xC9C4;&#xBE44; - &#xBD80;&#xC11C;&#xC6B4;&#xC601;</title><url>http://opengov.seoul.go.kr/expense/26076781</url><dept_nm_lvl_1>&#xC0AC;&#xC5C5;&#xC18C;</dept_nm_lvl_1><dept_nm_lvl_2>&#xC740;&#xD3C9;&#xBCD1;&#xC6D0;</dept_nm_lvl_2><dept_nm_lvl_3>&#xC57D;&#xC81C;&#xACFC;</dept_nm_lvl_3><dept_nm_lvl_4/><dept_nm_lvl_5/><exec_yr>2022</exec_yr><exec_month>5</exec_month><expense_budget>0</expense_budget><expense_execution>0</expense_execution><category/><dept_nm_full>&#xC740;&#xD3C9;&#xBCD1;&#xC6D0; &#xC57D;&#xC81C;&#xACFC;</dept_nm_full><exec_dt>2022-05-19 12:00</exec_dt><exec_loc>&#xC11C;&#xC624;&#xB989;&#xD53C;&#xC790; &#xB179;&#xBC88;&#xC810;(&#xC740;&#xD3C9;&#xAD6C; &#xC740;&#xD3C9;&#xB85C; 220)</exec_loc><exec_purpose>&#xC2E0;&#xADDC; &#xBC0F; &#xC804;&#xC5ED; &#xC0AC;&#xD68C;&#xBCF5;&#xBB34;&#xC694;&#xC6D0; &#xACA9;&#xB824;&#xBE44;&#xC6A9; &#xC9C0;&#xAE09;</exec_purpose><target_nm>&#xC57D;&#xC81C;&#xACFC; &#xC0AC;&#xD68C;&#xBCF5;&#xBB34;&#xC694;&#xC6D0; &#xBC0F; &#xC9C1;&#xC6D0; &#xB4F1; 11&#xBA85;</target_nm><payment_method>&#xCE74;&#xB4DC;</payment_method><exec_amount>91500</exec_amount></Document36><Document37><nid>26076781</nid><title>2022&#xB144; 5&#xC6D4; &#xC0AC;&#xC5C5;&#xC18C; &#xC740;&#xD3C9;&#xBCD1;&#xC6D0; &#xC57D;&#xC81C;&#xACFC; &#xC5C5;&#xBB34;&#xCD94;&#xC9C4;&#xBE44; - &#xBD80;&#xC11C;&#xC6B4;&#xC601;</title><url>http://opengov.seoul.go.kr/expense/26076781</url><dept_nm_lvl_1>&#xC0AC;&#xC5C5;&#xC18C;</dept_nm_lvl_1><dept_nm_lvl_2>&#xC740;&#xD3C9;&#xBCD1;&#xC6D0;</dept_nm_lvl_2><dept_nm_lvl_3>&#xC57D;&#xC81C;&#xACFC;</dept_nm_lvl_3><dept_nm_lvl_4/><dept_nm_lvl_5/><exec_yr>2022</exec_yr><exec_month>5</exec_month><expense_budget>0</expense_budget><expense_execution>0</expense_execution><category/><dept_nm_full>&#xC740;&#xD3C9;&#xBCD1;&#xC6D0; &#xC57D;&#xC81C;&#xACFC;</dept_nm_full><exec_dt>2022-05-18 17:57</exec_dt><exec_loc>&#xAD50;&#xCD0C;&#xCE58;&#xD0A8;&#xC751;&#xC554;1&#xB3D9;(&#xC740;&#xD3C9;&#xAD6C; &#xBC31;&#xB828;&#xC0B0;&#xB85C; 85)</exec_loc><exec_purpose>&#xC2E0;&#xADDC; &#xBC0F; &#xC804;&#xC5ED; &#xC0AC;&#xD68C;&#xBCF5;&#xBB34;&#xC694;&#xC6D0; &#xACA9;&#xB824;&#xBE44;&#xC6A9; &#xC9C0;&#xAE09;(&#xC775;&#xC77C; &#xBC30;&#xB2EC; &#xC608;&#xC57D;)</exec_purpose><target_nm>&#xC57D;&#xC81C;&#xACFC; &#xC0AC;&#xD68C;&#xBCF5;&#xBB34;&#xC694;&#xC6D0; &#xBC0F; &#xC9C1;&#xC6D0; &#xB4F1; 11&#xBA85;</target_nm><payment_method>&#xCE74;&#xB4DC;</payment_method><exec_amount>75500</exec_amount></Document37><Document38><nid>26076781</nid><title>2022&#xB144; 5&#xC6D4; &#xC0AC;&#xC5C5;&#xC18C; &#xC740;&#xD3C9;&#xBCD1;&#xC6D0; &#xC57D;&#xC81C;&#xACFC; &#xC5C5;&#xBB34;&#xCD94;&#xC9C4;&#xBE44; - &#xBD80;&#xC11C;&#xC6B4;&#xC601;</title><url>http://opengov.seoul.go.kr/expense/26076781</url><dept_nm_lvl_1>&#xC0AC;&#xC5C5;&#xC18C;</dept_nm_lvl_1><dept_nm_lvl_2>&#xC740;&#xD3C9;&#xBCD1;&#xC6D0;</dept_nm_lvl_2><dept_nm_lvl_3>&#xC57D;&#xC81C;&#xACFC;</dept_nm_lvl_3><dept_nm_lvl_4/><dept_nm_lvl_5/><exec_yr>2022</exec_yr><exec_month>5</exec_month><expense_budget>0</expense_budget><expense_execution>0</expense_execution><category/><dept_nm_full>&#xC740;&#xD3C9;&#xBCD1;&#xC6D0; &#xC57D;&#xC81C;&#xACFC;</dept_nm_full><exec_dt>2022-05-09 11:16</exec_dt><exec_loc>&#xB69C;&#xB808;&#xC96C;&#xB974; &#xBC31;&#xB828;&#xC0B0;&#xD790;&#xC2A4;&#xD14C;&#xC774;&#xD2B8;&#xC810;(&#xC740;&#xD3C9;&#xAD6C; &#xBC31;&#xB828;&#xC0B0;&#xB85C;2&#xAE38; 19)</exec_loc><exec_purpose>&#xBCD1;&#xC6D0; &#xC57D;&#xC81C;&#xBD80;&#xC11C;&#xC7A5; &#xAC04;&#xB2F4;&#xD68C;(&#xC57D;&#xB300; &#xC2E4;&#xC2B5; &#xAD00;&#xB828;) &#xACBD;&#xBE44; &#xC9C0;&#xAE09;</exec_purpose><target_nm>&#xC57D;&#xC81C;&#xACFC;&#xC7A5; &#xB4F1; 4&#xBA85;</target_nm><payment_method>&#xC81C;&#xB85C;&#xD398;&#xC774;</payment_method><exec_amount>40000</exec_amount></Document38><Document39><nid>26076781</nid><title>2022&#xB144; 5&#xC6D4; &#xC0AC;&#xC5C5;&#xC18C; &#xC740;&#xD3C9;&#xBCD1;&#xC6D0; &#xC57D;&#xC81C;&#xACFC; &#xC5C5;&#xBB34;&#xCD94;&#xC9C4;&#xBE44; - &#xBD80;&#xC11C;&#xC6B4;&#xC601;</title><url>http://opengov.seoul.go.kr/expense/26076781</url><dept_nm_lvl_1>&#xC0AC;&#xC5C5;&#xC18C;</dept_nm_lvl_1><dept_nm_lvl_2>&#xC740;&#xD3C9;&#xBCD1;&#xC6D0;</dept_nm_lvl_2><dept_nm_lvl_3>&#xC57D;&#xC81C;&#xACFC;</dept_nm_lvl_3><dept_nm_lvl_4/><dept_nm_lvl_5/><exec_yr>2022</exec_yr><exec_month>5</exec_month><expense_budget>0</expense_budget><expense_execution>0</expense_execution><category/><dept_nm_full>&#xC740;&#xD3C9;&#xBCD1;&#xC6D0; &#xC57D;&#xC81C;&#xACFC;</dept_nm_full><exec_dt>2022-05-04 11:50</exec_dt><exec_loc>&#xD0A4;&#xC9C0;&#xC544;(&#xC740;&#xD3C9;&#xAD6C; &#xBC31;&#xB828;&#xC0B0;&#xB85C;4&#xAE38;)</exec_loc><exec_purpose>&#xC758;&#xC57D;&#xD488; &#xC218;&#xAE09; &#xAD00;&#xB828; &#xC5C5;&#xBB34;&#xD611;&#xC758; &#xACBD;&#xBE44; &#xC9C0;&#xAE09;</exec_purpose><target_nm>&#xC57D;&#xC81C;&#xACFC;&#xC7A5; &#xB4F1; 6&#xBA85;</target_nm><payment_method>&#xCE74;&#xB4DC;</payment_method><exec_amount>66700</exec_amount></Document39><Document40><nid>26076781</nid><title>2022&#xB144; 5&#xC6D4; &#xC0AC;&#xC5C5;&#xC18C; &#xC740;&#xD3C9;&#xBCD1;&#xC6D0; &#xC57D;&#xC81C;&#xACFC; &#xC5C5;&#xBB34;&#xCD94;&#xC9C4;&#xBE44; - &#xBD80;&#xC11C;&#xC6B4;&#xC601;</title><url>http://opengov.seoul.go.kr/expense/26076781</url><dept_nm_lvl_1>&#xC0AC;&#xC5C5;&#xC18C;</dept_nm_lvl_1><dept_nm_lvl_2>&#xC740;&#xD3C9;&#xBCD1;&#xC6D0;</dept_nm_lvl_2><dept_nm_lvl_3>&#xC57D;&#xC81C;&#xACFC;</dept_nm_lvl_3><dept_nm_lvl_4/><dept_nm_lvl_5/><exec_yr>2022</exec_yr><exec_month>5</exec_month><expense_budget>0</expense_budget><expense_execution>0</expense_execution><category/><dept_nm_full>&#xC740;&#xD3C9;&#xBCD1;&#xC6D0; &#xC57D;&#xC81C;&#xACFC;</dept_nm_full><exec_dt>2022-05-02 12:30</exec_dt><exec_loc>&#xC218;&#xBE48;&#xD55C;&#xC815;&#xC2DD;(&#xC11C;&#xB300;&#xBB38;&#xAD6C; &#xC5EC;&#xB2AC;&#xB85C;25&#xAE38; 31-3)</exec_loc><exec_purpose>QI &#xAD00;&#xB828; &#xC9C1;&#xC6D0; &#xACA9;&#xB824;&#xBE44;&#xC6A9; &#xC9C0;&#xAE09;</exec_purpose><target_nm>&#xC57D;&#xC81C;&#xACFC;&#xC7A5; &#xB4F1; 4&#xBA85;</target_nm><payment_method>&#xCE74;&#xB4DC;</payment_method><exec_amount>78000</exec_amount></Document40><Document41><nid>26066771</nid><title>2022&#xB144; 5&#xC6D4; &#xC0AC;&#xC5C5;&#xC18C; &#xC11C;&#xBD81;&#xBCD1;&#xC6D0; &#xC57D;&#xC81C;&#xBD80; &#xC5C5;&#xBB34;&#xCD94;&#xC9C4;&#xBE44; - &#xBD80;&#xC11C;&#xC6B4;&#xC601;</title><url>http://opengov.seoul.go.kr/expense/26066771</url><dept_nm_lvl_1>&#xC0AC;&#xC5C5;&#xC18C;</dept_nm_lvl_1><dept_nm_lvl_2>&#xC11C;&#xBD81;&#xBCD1;&#xC6D0;</dept_nm_lvl_2><dept_nm_lvl_3>&#xC57D;&#xC81C;&#xBD80;</dept_nm_lvl_3><dept_nm_lvl_4/><dept_nm_lvl_5/><exec_yr>2022</exec_yr><exec_month>5</exec_month><expense_budget>0</expense_budget><expense_execution>0</expense_execution><category/><dept_nm_full>&#xC11C;&#xBD81;&#xBCD1;&#xC6D0; &#xC57D;&#xC81C;&#xBD80;</dept_nm_full><exec_dt>2022-05-24 21:34</exec_dt><exec_loc>&#xC544;&#xB85C;&#xC774;&#xD0C0;&#xC774;(&#xC11C;&#xC6B8;&#xC2DC; &#xC740;&#xD3C9;&#xAD6C; &#xC740;&#xD3C9;&#xB85C; 108)</exec_loc><exec_purpose>&#xC57D;&#xC81C;&#xBD80; &#xC9C1;&#xC6D0;&#xACA9;&#xB824;</exec_purpose><target_nm>&#xC11C;&#xBD81;&#xBCD1;&#xC6D0; &#xC6D0;&#xC7A5;, &#xBD80;&#xC7A5;, &#xC57D;&#xC81C;&#xBD80; &#xC9C1;&#xC6D0; 10&#xBA85;</target_nm><payment_method>&#xCE74;&#xB4DC;</payment_method><exec_amount>220500</exec_amount></Document41><Document42><nid>26066771</nid><title>2022&#xB144; 5&#xC6D4; &#xC0AC;&#xC5C5;&#xC18C; &#xC11C;&#xBD81;&#xBCD1;&#xC6D0; &#xC57D;&#xC81C;&#xBD80; &#xC5C5;&#xBB34;&#xCD94;&#xC9C4;&#xBE44; - &#xBD80;&#xC11C;&#xC6B4;&#xC601;</title><url>http://opengov.seoul.go.kr/expense/26066771</url><dept_nm_lvl_1>&#xC0AC;&#xC5C5;&#xC18C;</dept_nm_lvl_1><dept_nm_lvl_2>&#xC11C;&#xBD81;&#xBCD1;&#xC6D0;</dept_nm_lvl_2><dept_nm_lvl_3>&#xC57D;&#xC81C;&#xBD80;</dept_nm_lvl_3><dept_nm_lvl_4/><dept_nm_lvl_5/><exec_yr>2022</exec_yr><exec_month>5</exec_month><expense_budget>0</expense_budget><expense_execution>0</expense_execution><category/><dept_nm_full>&#xC11C;&#xBD81;&#xBCD1;&#xC6D0; &#xC57D;&#xC81C;&#xBD80;</dept_nm_full><exec_dt>2022-05-17 13:35</exec_dt><exec_loc>5gil7&#xBE44;&#xC2A4;&#xD2B8;&#xB85C;(&#xC11C;&#xC6B8;&#xC2DC; &#xC911;&#xAD6C; &#xD544;&#xB3D9;&#xB85C;5&#xAE38; 7)</exec_loc><exec_purpose>&#xC57D;&#xC81C;&#xBD80; &#xC57D;&#xB300;&#xC0DD; &#xC2E4;&#xBB34;&#xC2E4;&#xC2B5; &#xAD50;&#xC721; &#xAD00;&#xB828; &#xAC04;&#xB2F4;&#xD68C;</exec_purpose><target_nm>&#xC11C;&#xBD81;&#xBCD1;&#xC6D0;&#xC57D;&#xC81C;&#xBD80;&#xC7A5;, &#xC57D;&#xC81C;&#xBD80; &#xC9C1;&#xC6D0;, &#xC57D;&#xD559;&#xB300;&#xD559;&#xAD50;&#xC218; &#xB4F1; 4&#xBA85;</target_nm><payment_method>&#xCE74;&#xB4DC;</payment_method><exec_amount>100500</exec_amount></Document42><Document43><nid>26066771</nid><title>2022&#xB144; 5&#xC6D4; &#xC0AC;&#xC5C5;&#xC18C; &#xC11C;&#xBD81;&#xBCD1;&#xC6D0; &#xC57D;&#xC81C;&#xBD80; &#xC5C5;&#xBB34;&#xCD94;&#xC9C4;&#xBE44; - &#xBD80;&#xC11C;&#xC6B4;&#xC601;</title><url>http://opengov.seoul.go.kr/expense/26066771</url><dept_nm_lvl_1>&#xC0AC;&#xC5C5;&#xC18C;</dept_nm_lvl_1><dept_nm_lvl_2>&#xC11C;&#xBD81;&#xBCD1;&#xC6D0;</dept_nm_lvl_2><dept_nm_lvl_3>&#xC57D;&#xC81C;&#xBD80;</dept_nm_lvl_3><dept_nm_lvl_4/><dept_nm_lvl_5/><exec_yr>2022</exec_yr><exec_month>5</exec_month><expense_budget>0</expense_budget><expense_execution>0</expense_execution><category/><dept_nm_full>&#xC11C;&#xBD81;&#xBCD1;&#xC6D0; &#xC57D;&#xC81C;&#xBD80;</dept_nm_full><exec_dt>2022-05-09 15:58</exec_dt><exec_loc>&#xC6B0;&#xBBF8;&#xB300;&#xAC00;&#xC655;&#xCB48;&#xAFB8;&#xBBF8;(&#xACBD;&#xAE30;&#xB3C4; &#xACE0;&#xC591;&#xC2DC; &#xB355;&#xC591;&#xAD6C; &#xC11C;&#xC624;&#xB989;&#xB85C; 307-8)</exec_loc><exec_purpose>&#xC57D;&#xC81C;&#xBD80; &#xC57D;&#xB300;&#xC0DD; &#xC2E4;&#xBB34;&#xC2E4;&#xC2B5; &#xAD50;&#xC721; &#xAD00;&#xB828; &#xAC04;&#xB2F4;&#xD68C;</exec_purpose><target_nm>&#xC11C;&#xBD81;&#xBCD1;&#xC6D0;&#xC57D;&#xC81C;&#xBD80;&#xC7A5;, &#xC57D;&#xC81C;&#xBD80; &#xC9C1;&#xC6D0;, &#xC5B4;&#xB9B0;&#xC774;&#xBCD1;&#xC6D0;, &#xC740;&#xD3C9;&#xBCD1;&#xC6D0; &#xACFC;&#xC7A5; &#xB4F1; 5&#xBA85;</target_nm><payment_method>&#xCE74;&#xB4DC;</payment_method><exec_amount>81000</exec_amount></Document43><Document44><nid>26066745</nid><title>2022&#xB144; 5&#xC6D4; &#xC0AC;&#xC5C5;&#xC18C; &#xC911;&#xBD80;&#xACF5;&#xC6D0;&#xB179;&#xC9C0;&#xC0AC;&#xC5C5;&#xC18C; &#xACF5;&#xC6D0;&#xC5EC;&#xAC00;&#xACFC; &#xC5C5;&#xBB34;&#xCD94;&#xC9C4;&#xBE44; - &#xBD80;&#xC11C;&#xC6B4;&#xC601;</title><url>http://opengov.seoul.go.kr/expense/26066745</url><dept_nm_lvl_1>&#xC0AC;&#xC5C5;&#xC18C;</dept_nm_lvl_1><dept_nm_lvl_2>&#xC911;&#xBD80;&#xACF5;&#xC6D0;&#xB179;&#xC9C0;&#xC0AC;&#xC5C5;&#xC18C;</dept_nm_lvl_2><dept_nm_lvl_3>&#xACF5;&#xC6D0;&#xC5EC;&#xAC00;&#xACFC;</dept_nm_lvl_3><dept_nm_lvl_4/><dept_nm_lvl_5/><exec_yr>2022</exec_yr><exec_month>5</exec_month><expense_budget>0</expense_budget><expense_execution>0</expense_execution><category/><dept_nm_full>&#xC911;&#xBD80;&#xACF5;&#xC6D0;&#xB179;&#xC9C0;&#xC0AC;&#xC5C5;&#xC18C; &#xACF5;&#xC6D0;&#xC5EC;&#xAC00;&#xACFC;</dept_nm_full><exec_dt>2022-05-27 13:22</exec_dt><exec_loc>&#xCDA9;&#xB0A8;&#xBD84;&#xC2DD;(&#xC11C;&#xC6B8;&#xC2DC; &#xC911;&#xAD6C; &#xC18C;&#xD30C;&#xB85C;)</exec_loc><exec_purpose>6&#xC6D4; &#xC5EC;&#xAC00; &#xBB38;&#xD654; &#xD65C;&#xB3D9; &#xC6B4;&#xC601; &#xD611;&#xC758; &#xAC04;&#xB2F4;&#xD68C;&#xBE44; &#xC9C0;&#xAE09;</exec_purpose><target_nm>&#xACF5;&#xC6D0;&#xC5EC;&#xAC00;&#xD300;&#xC7A5;, &#xB2F4;&#xB2F9; &#xC8FC;&#xBB34;&#xAD00; 2&#xBA85;, &#xC2E4;&#xBB34;&#xAD00; 2&#xBA85; (&#xCD1D; 5&#xBA85;)</target_nm><payment_method>&#xC81C;&#xB85C;&#xD398;&#xC774;</payment_method><exec_amount>47000</exec_amount></Document44><Document45><nid>26066745</nid><title>2022&#xB144; 5&#xC6D4; &#xC0AC;&#xC5C5;&#xC18C; &#xC911;&#xBD80;&#xACF5;&#xC6D0;&#xB179;&#xC9C0;&#xC0AC;&#xC5C5;&#xC18C; &#xACF5;&#xC6D0;&#xC5EC;&#xAC00;&#xACFC; &#xC5C5;&#xBB34;&#xCD94;&#xC9C4;&#xBE44; - &#xBD80;&#xC11C;&#xC6B4;&#xC601;</title><url>http://opengov.seoul.go.kr/expense/26066745</url><dept_nm_lvl_1>&#xC0AC;&#xC5C5;&#xC18C;</dept_nm_lvl_1><dept_nm_lvl_2>&#xC911;&#xBD80;&#xACF5;&#xC6D0;&#xB179;&#xC9C0;&#xC0AC;&#xC5C5;&#xC18C;</dept_nm_lvl_2><dept_nm_lvl_3>&#xACF5;&#xC6D0;&#xC5EC;&#xAC00;&#xACFC;</dept_nm_lvl_3><dept_nm_lvl_4/><dept_nm_lvl_5/><exec_yr>2022</exec_yr><exec_month>5</exec_month><expense_budget>0</expense_budget><expense_execution>0</expense_execution><category/><dept_nm_full>&#xC911;&#xBD80;&#xACF5;&#xC6D0;&#xB179;&#xC9C0;&#xC0AC;&#xC5C5;&#xC18C; &#xACF5;&#xC6D0;&#xC5EC;&#xAC00;&#xACFC;</dept_nm_full><exec_dt>2022-05-26 11:40</exec_dt><exec_loc>&#x321C; &#xBE44;&#xC0AC;&#xBC8C;(&#xC11C;&#xC6B8; &#xC131;&#xB3D9;&#xAD6C; &#xC655;&#xC2ED;&#xB9AC;&#xB85C;)</exec_loc><exec_purpose>&#xD2B9;&#xBCC4; &#xD504;&#xB85C;&#xADF8;&#xB7A8; &#xCC38;&#xC5EC; &#xC9C1;&#xC6D0; &#xC2DD;&#xB300; &#xC9C0;&#xAE09;</exec_purpose><target_nm>&#xB2F4;&#xB2F9; &#xC8FC;&#xBB34;&#xAD00; 2&#xBA85;</target_nm><payment_method>&#xC81C;&#xB85C;&#xD398;&#xC774;</payment_method><exec_amount>16000</exec_amount></Document45><Document46><nid>26066745</nid><title>2022&#xB144; 5&#xC6D4; &#xC0AC;&#xC5C5;&#xC18C; &#xC911;&#xBD80;&#xACF5;&#xC6D0;&#xB179;&#xC9C0;&#xC0AC;&#xC5C5;&#xC18C; &#xACF5;&#xC6D0;&#xC5EC;&#xAC00;&#xACFC; &#xC5C5;&#xBB34;&#xCD94;&#xC9C4;&#xBE44; - &#xBD80;&#xC11C;&#xC6B4;&#xC601;</title><url>http://opengov.seoul.go.kr/expense/26066745</url><dept_nm_lvl_1>&#xC0AC;&#xC5C5;&#xC18C;</dept_nm_lvl_1><dept_nm_lvl_2>&#xC911;&#xBD80;&#xACF5;&#xC6D0;&#xB179;&#xC9C0;&#xC0AC;&#xC5C5;&#xC18C;</dept_nm_lvl_2><dept_nm_lvl_3>&#xACF5;&#xC6D0;&#xC5EC;&#xAC00;&#xACFC;</dept_nm_lvl_3><dept_nm_lvl_4/><dept_nm_lvl_5/><exec_yr>2022</exec_yr><exec_month>5</exec_month><expense_budget>0</expense_budget><expense_execution>0</expense_execution><category/><dept_nm_full>&#xC911;&#xBD80;&#xACF5;&#xC6D0;&#xB179;&#xC9C0;&#xC0AC;&#xC5C5;&#xC18C; &#xACF5;&#xC6D0;&#xC5EC;&#xAC00;&#xACFC;</dept_nm_full><exec_dt>2022-05-24 20:03</exec_dt><exec_loc>&#xC9C4;&#xD3EC;&#xC2DD;&#xB2F9;(&#xC11C;&#xC6B8; &#xC911;&#xAD6C; &#xC218;&#xD45C;&#xB85C;)</exec_loc><exec_purpose>&#xC2E0;&#xADDC; &#xBC0F; &#xC804;&#xC785; &#xC9C1;&#xC6D0; &#xD658;&#xC601; &#xAC04;&#xB2F4;&#xD68C;&#xBE44; &#xC9C0;&#xAE09;</exec_purpose><target_nm>&#xACF5;&#xC6D0;&#xC5EC;&#xAC00;&#xACFC;&#xC7A5;, &#xACF5;&#xC6D0;&#xC5EC;&#xAC00;&#xD300;&#xC7A5;, &#xC8FC;&#xBB34;&#xAD00; 2&#xBA85;, &#xC2E4;&#xBB34;&#xAD00; 5&#xBA85; (&#xCD1D; 9&#xBA85;)</target_nm><payment_method>&#xCE74;&#xB4DC;</payment_method><exec_amount>270000</exec_amount></Document46><Document47><nid>26066745</nid><title>2022&#xB144; 5&#xC6D4; &#xC0AC;&#xC5C5;&#xC18C; &#xC911;&#xBD80;&#xACF5;&#xC6D0;&#xB179;&#xC9C0;&#xC0AC;&#xC5C5;&#xC18C; &#xACF5;&#xC6D0;&#xC5EC;&#xAC00;&#xACFC; &#xC5C5;&#xBB34;&#xCD94;&#xC9C4;&#xBE44; - &#xBD80;&#xC11C;&#xC6B4;&#xC601;</title><url>http://opengov.seoul.go.kr/expense/26066745</url><dept_nm_lvl_1>&#xC0AC;&#xC5C5;&#xC18C;</dept_nm_lvl_1><dept_nm_lvl_2>&#xC911;&#xBD80;&#xACF5;&#xC6D0;&#xB179;&#xC9C0;&#xC0AC;&#xC5C5;&#xC18C;</dept_nm_lvl_2><dept_nm_lvl_3>&#xACF5;&#xC6D0;&#xC5EC;&#xAC00;&#xACFC;</dept_nm_lvl_3><dept_nm_lvl_4/><dept_nm_lvl_5/><exec_yr>2022</exec_yr><exec_month>5</exec_month><expense_budget>0</expense_budget><expense_execution>0</expense_execution><category/><dept_nm_full>&#xC911;&#xBD80;&#xACF5;&#xC6D0;&#xB179;&#xC9C0;&#xC0AC;&#xC5C5;&#xC18C; &#xACF5;&#xC6D0;&#xC5EC;&#xAC00;&#xACFC;</dept_nm_full><exec_dt>2022-05-24 14:31</exec_dt><exec_loc>&#xC624;&#xD6C4;&#xCE74;&#xD398;(&#xC11C;&#xC6B8; &#xC911;&#xAD6C; &#xC7A5;&#xCDA9;&#xB2E8;&#xB85C;)</exec_loc><exec_purpose>&#xC804;&#xC2DC;&#xC7A5; &#xCCA0;&#xAC70; &#xC778;&#xB825; &#xC81C;&#xACF5; &#xC74C;&#xB8CC; &#xAD6C;&#xB9E4;&#xBE44; &#xC9C0;&#xAE09;</exec_purpose><target_nm>&#xACF5;&#xC6D0;&#xC5EC;&#xAC00;&#xD300;&#xC7A5;, &#xB2F4;&#xB2F9; &#xC8FC;&#xBB34;&#xAD00; 2&#xBA85;, &#xC2E4;&#xBB34;&#xAD00; 2&#xBA85;, &#xD604;&#xC7A5; &#xB178;&#xB3D9;&#xC790; 1&#xBA85;(&#xCD1D; 6&#xBA85;)</target_nm><payment_method>&#xC81C;&#xB85C;&#xD398;&#xC774;</payment_method><exec_amount>24600</exec_amount></Document47><Document48><nid>26066745</nid><title>2022&#xB144; 5&#xC6D4; &#xC0AC;&#xC5C5;&#xC18C; &#xC911;&#xBD80;&#xACF5;&#xC6D0;&#xB179;&#xC9C0;&#xC0AC;&#xC5C5;&#xC18C; &#xACF5;&#xC6D0;&#xC5EC;&#xAC00;&#xACFC; &#xC5C5;&#xBB34;&#xCD94;&#xC9C4;&#xBE44; - &#xBD80;&#xC11C;&#xC6B4;&#xC601;</title><url>http://opengov.seoul.go.kr/expense/26066745</url><dept_nm_lvl_1>&#xC0AC;&#xC5C5;&#xC18C;</dept_nm_lvl_1><dept_nm_lvl_2>&#xC911;&#xBD80;&#xACF5;&#xC6D0;&#xB179;&#xC9C0;&#xC0AC;&#xC5C5;&#xC18C;</dept_nm_lvl_2><dept_nm_lvl_3>&#xACF5;&#xC6D0;&#xC5EC;&#xAC00;&#xACFC;</dept_nm_lvl_3><dept_nm_lvl_4/><dept_nm_lvl_5/><exec_yr>2022</exec_yr><exec_month>5</exec_month><expense_budget>0</expense_budget><expense_execution>0</expense_execution><category/><dept_nm_full>&#xC911;&#xBD80;&#xACF5;&#xC6D0;&#xB179;&#xC9C0;&#xC0AC;&#xC5C5;&#xC18C; &#xACF5;&#xC6D0;&#xC5EC;&#xAC00;&#xACFC;</dept_nm_full><exec_dt>2022-05-11 13:01</exec_dt><exec_loc>&#xCDA9;&#xB0A8;&#xBD84;&#xC2DD;(&#xC11C;&#xC6B8;&#xC2DC; &#xC911;&#xAD6C; &#xC18C;&#xD30C;&#xB85C;)</exec_loc><exec_purpose>&#xACF5;&#xC6D0; &#xC5EC;&#xAC00; &#xBB38;&#xD654; &#xD65C;&#xB3D9; &#xC6B4;&#xC601; &#xD611;&#xC758; &#xAC04;&#xB2F4;&#xD68C;&#xBE44; &#xC9C0;&#xAE09;</exec_purpose><target_nm>&#xACF5;&#xC6D0;&#xC5EC;&#xAC00;&#xACFC;&#xC7A5;, &#xACF5;&#xC6D0;&#xC5EC;&#xAC00;&#xD300;&#xC7A5;, &#xB2F4;&#xB2F9; &#xC8FC;&#xBB34;&#xAD00; 2&#xBA85;, &#xC2E4;&#xBB34;&#xAD00; 3&#xBA85; (&#xCD1D; 7&#xBA85;)</target_nm><payment_method>&#xC81C;&#xB85C;&#xD398;&#xC774;</payment_method><exec_amount>55500</exec_amount></Document48><Document49><nid>26066538</nid><title>2022&#xB144; 5&#xC6D4; &#xC0AC;&#xC5C5;&#xC18C; &#xC11C;&#xC6B8;&#xC2DD;&#xBB3C;&#xC6D0; &#xC2DC;&#xC124;&#xC6B4;&#xC601;&#xACFC; &#xC5C5;&#xBB34;&#xCD94;&#xC9C4;&#xBE44; - &#xBD80;&#xC11C;&#xC6B4;&#xC601;</title><url>http://opengov.seoul.go.kr/expense/26066538</url><dept_nm_lvl_1>&#xC0AC;&#xC5C5;&#xC18C;</dept_nm_lvl_1><dept_nm_lvl_2>&#xC11C;&#xC6B8;&#xC2DD;&#xBB3C;&#xC6D0;</dept_nm_lvl_2><dept_nm_lvl_3>&#xC2DC;&#xC124;&#xC6B4;&#xC601;&#xACFC;</dept_nm_lvl_3><dept_nm_lvl_4/><dept_nm_lvl_5/><exec_yr>2022</exec_yr><exec_month>5</exec_month><expense_budget>0</expense_budget><expense_execution>0</expense_execution><category/><dept_nm_full>&#xC2DC;&#xC124;&#xC6B4;&#xC601;&#xACFC;</dept_nm_full><exec_dt>2022-05-25 13:35</exec_dt><exec_loc>&#xD558;&#xB098;&#xB85C;&#xB9C8;&#xD2B8; &#xB9C8;&#xACE1;&#xC810;(&#xAC15;&#xC11C;&#xAD6C; &#xC591;&#xCC9C;&#xB85C;30&#xAE38; 123-28)</exec_loc><exec_purpose>&#xBD80;&#xC11C;&#xC6B4;&#xC601; &#xB2E4;&#xACFC; &#xAD6C;&#xB9E4;</exec_purpose><target_nm>&#xC2DC;&#xC124;&#xC6B4;&#xC601;&#xACFC; &#xC9C1;&#xC6D0;, &#xACF5;&#xBB34;&#xC9C1;, &#xAE30;&#xAC04;&#xC81C; &#xB4F1; 50&#xBA85;</target_nm><payment_method>&#xC81C;&#xB85C;&#xD398;&#xC774;</payment_method><exec_amount>290930</exec_amount></Document49><Document50><nid>26066538</nid><title>2022&#xB144; 5&#xC6D4; &#xC0AC;&#xC5C5;&#xC18C; &#xC11C;&#xC6B8;&#xC2DD;&#xBB3C;&#xC6D0; &#xC2DC;&#xC124;&#xC6B4;&#xC601;&#xACFC; &#xC5C5;&#xBB34;&#xCD94;&#xC9C4;&#xBE44; - &#xBD80;&#xC11C;&#xC6B4;&#xC601;</title><url>http://opengov.seoul.go.kr/expense/26066538</url><dept_nm_lvl_1>&#xC0AC;&#xC5C5;&#xC18C;</dept_nm_lvl_1><dept_nm_lvl_2>&#xC11C;&#xC6B8;&#xC2DD;&#xBB3C;&#xC6D0;</dept_nm_lvl_2><dept_nm_lvl_3>&#xC2DC;&#xC124;&#xC6B4;&#xC601;&#xACFC;</dept_nm_lvl_3><dept_nm_lvl_4/><dept_nm_lvl_5/><exec_yr>2022</exec_yr><exec_month>5</exec_month><expense_budget>0</expense_budget><expense_execution>0</expense_execution><category/><dept_nm_full>&#xC2DC;&#xC124;&#xC6B4;&#xC601;&#xACFC;</dept_nm_full><exec_dt>2022-05-09 16:31</exec_dt><exec_loc>&#xD558;&#xB098;&#xB85C;&#xB9C8;&#xD2B8; &#xB9C8;&#xACE1;&#xC810;(&#xAC15;&#xC11C;&#xAD6C; &#xC591;&#xCC9C;&#xB85C;30&#xAE38; 123-28)</exec_loc><exec_purpose>&#xD604;&#xC7A5;&#xADFC;&#xB85C;&#xC790; &#xACA9;&#xB824; &#xB2E4;&#xACFC; &#xAD6C;&#xB9E4;</exec_purpose><target_nm>&#xC2DC;&#xC124;&#xC6B4;&#xC601;&#xACFC; &#xC9C1;&#xC6D0; &#xBC0F; &#xD604;&#xC7A5;&#xADFC;&#xB85C;&#xC790; &#xB4F1; 40&#xBA85;</target_nm><payment_method>&#xC81C;&#xB85C;&#xD398;&#xC774;</payment_method><exec_amount>172040</exec_amount></Document50><Document51><nid>26047684</nid><title>2022&#xB144; 5&#xC6D4; &#xC0AC;&#xC5C5;&#xC18C; &#xC911;&#xBD80;&#xACF5;&#xC6D0;&#xB179;&#xC9C0;&#xC0AC;&#xC5C5;&#xC18C; &#xC2DC;&#xC124;&#xACFC; &#xC5C5;&#xBB34;&#xCD94;&#xC9C4;&#xBE44; - &#xBD80;&#xC11C;&#xC6B4;&#xC601;</title><url>http://opengov.seoul.go.kr/expense/26047684</url><dept_nm_lvl_1>&#xC0AC;&#xC5C5;&#xC18C;</dept_nm_lvl_1><dept_nm_lvl_2>&#xC911;&#xBD80;&#xACF5;&#xC6D0;&#xB179;&#xC9C0;&#xC0AC;&#xC5C5;&#xC18C;</dept_nm_lvl_2><dept_nm_lvl_3>&#xC2DC;&#xC124;&#xACFC;</dept_nm_lvl_3><dept_nm_lvl_4/><dept_nm_lvl_5/><exec_yr>2022</exec_yr><exec_month>5</exec_month><expense_budget>0</expense_budget><expense_execution>0</expense_execution><category/><dept_nm_full>&#xC2DC;&#xC124;&#xACFC;</dept_nm_full><exec_dt>2022-05-25 11:00</exec_dt><exec_loc>&#x321C;&#xADF8;&#xB9B0;&#xC8FC;&#xC758;(&#xC911;&#xB7C9;&#xAD6C; &#xBD09;&#xD654;&#xC0B0;&#xB85C;123)</exec_loc><exec_purpose>&#xBD80;&#xC11C;&#xC6B4;&#xC601; &#xBC0F; &#xBBFC;&#xC6D0;&#xC811;&#xB300; &#xBB3C;&#xD488;&#xAD6C;&#xC785;(&#xCEE4;&#xD53C; &#xBC0F; &#xB2E4;&#xACFC;)</exec_purpose><target_nm>&#xC2DC;&#xC124;&#xACFC;&#xC7A5;&#xC678; 14&#xBA85;</target_nm><payment_method>&#xCE74;&#xB4DC;</payment_method><exec_amount>355600</exec_amount></Document51><Document52><nid>25993976</nid><title>2022&#xB144; 5&#xC6D4; &#xC0AC;&#xC5C5;&#xC18C; &#xC11C;&#xC6B8;&#xC5ED;&#xC0AC;&#xBC15;&#xBB3C;&#xAD00; &#xD559;&#xC608;&#xC5F0;&#xAD6C;&#xBD80; &#xC720;&#xBB3C;&#xAD00;&#xB9AC;&#xACFC; &#xC5C5;&#xBB34;&#xCD94;&#xC9C4;&#xBE44; - &#xBD80;&#xC11C;&#xC6B4;&#xC601;</title><url>http://opengov.seoul.go.kr/expense/25993976</url><dept_nm_lvl_1>&#xC0AC;&#xC5C5;&#xC18C;</dept_nm_lvl_1><dept_nm_lvl_2>&#xC11C;&#xC6B8;&#xC5ED;&#xC0AC;&#xBC15;&#xBB3C;&#xAD00;</dept_nm_lvl_2><dept_nm_lvl_3>&#xD559;&#xC608;&#xC5F0;&#xAD6C;&#xBD80;</dept_nm_lvl_3><dept_nm_lvl_4>&#xC720;&#xBB3C;&#xAD00;&#xB9AC;&#xACFC;</dept_nm_lvl_4><dept_nm_lvl_5/><exec_yr>2022</exec_yr><exec_month>5</exec_month><expense_budget>0</expense_budget><expense_execution>0</expense_execution><category/><dept_nm_full>&#xC720;&#xBB3C;&#xAD00;&#xB9AC;&#xACFC;</dept_nm_full><exec_dt>2022-05-17 15:41</exec_dt><exec_loc>&#xAD11;&#xD654;&#xBB38;&#xD648;&#xD50C;&#xB7EC;&#xC2A4;(&#xC885;&#xB85C;&#xAD6C; &#xC0C8;&#xBB38;&#xC548;&#xB85C; 91)</exec_loc><exec_purpose>&#xBD80;&#xC11C;&#xC6B4;&#xC601;&#xC5D0; &#xD544;&#xC694;&#xD55C; &#xBB3C;&#xD488;&#xAD6C;&#xC785;(&#xCC28;&#xC885;&#xB958; &#xB4F1;)</exec_purpose><target_nm>&#xC720;&#xBB3C;&#xAD00;&#xB9AC;&#xACFC;&#xC7A5; &#xAC15;&#xC131;&#xD76C; &#xB4F1; 9&#xBA85;</target_nm><payment_method>&#xCE74;&#xB4DC;</payment_method><exec_amount>175000</exec_amount></Document52><Document53><nid>25974709</nid><title>2022&#xB144; 5&#xC6D4; &#xC0AC;&#xC5C5;&#xC18C; &#xB3C4;&#xC2DC;&#xAE30;&#xBC18;&#xC2DC;&#xC124;&#xBCF8;&#xBD80; &#xC2DC;&#xC124;&#xAD6D; &#xC548;&#xC804;&#xAD00;&#xB9AC;&#xACFC; &#xC5C5;&#xBB34;&#xCD94;&#xC9C4;&#xBE44; - &#xBD80;&#xC11C;&#xC6B4;&#xC601;</title><url>http://opengov.seoul.go.kr/expense/25974709</url><dept_nm_lvl_1>&#xC0AC;&#xC5C5;&#xC18C;</dept_nm_lvl_1><dept_nm_lvl_2>&#xB3C4;&#xC2DC;&#xAE30;&#xBC18;&#xC2DC;&#xC124;&#xBCF8;&#xBD80;</dept_nm_lvl_2><dept_nm_lvl_3>&#xC2DC;&#xC124;&#xAD6D;</dept_nm_lvl_3><dept_nm_lvl_4>&#xC548;&#xC804;&#xAD00;&#xB9AC;&#xACFC;</dept_nm_lvl_4><dept_nm_lvl_5/><exec_yr>2022</exec_yr><exec_month>5</exec_month><expense_budget>0</expense_budget><expense_execution>0</expense_execution><category/><dept_nm_full>&#xB3C4;&#xC2DC;&#xAE30;&#xBC18;&#xC2DC;&#xC124;&#xBCF8;&#xBD80; &#xC548;&#xC804;&#xAD00;&#xB9AC;&#xACFC;</dept_nm_full><exec_dt>2022-05-12 12:30</exec_dt><exec_loc>&#xC190;&#xAC00;&#xBA85;&#xAC00;</exec_loc><exec_purpose>&#xC548;&#xC804;&#xAD00;&#xB9AC;&#xBC29;&#xC548; &#xBAA8;&#xC0C9;&#xC744; &#xC704;&#xD55C; &#xAC04;&#xB2F4;&#xD68C; &#xAC1C;&#xCD5C;</exec_purpose><target_nm>&#xC548;&#xC804;&#xAD00;&#xB9AC;&#xACFC;&#xC7A5; &#xC678; 8&#xBA85;</target_nm><payment_method>&#xC81C;&#xB85C;&#xD398;&#xC774;</payment_method><exec_amount>250000</exec_amount></Document53><Document54><nid>25947326</nid><title>2022&#xB144; 5&#xC6D4; &#xC0AC;&#xC5C5;&#xC18C; &#xC11C;&#xC6B8;&#xC5ED;&#xC0AC;&#xBC15;&#xBB3C;&#xAD00; &#xD559;&#xC608;&#xC5F0;&#xAD6C;&#xBD80; &#xAD50;&#xC721;&#xB300;&#xC678;&#xD611;&#xB825;&#xACFC; &#xC5C5;&#xBB34;&#xCD94;&#xC9C4;&#xBE44; - &#xBD80;&#xC11C;&#xC6B4;&#xC601;</title><url>http://opengov.seoul.go.kr/expense/25947326</url><dept_nm_lvl_1>&#xC0AC;&#xC5C5;&#xC18C;</dept_nm_lvl_1><dept_nm_lvl_2>&#xC11C;&#xC6B8;&#xC5ED;&#xC0AC;&#xBC15;&#xBB3C;&#xAD00;</dept_nm_lvl_2><dept_nm_lvl_3>&#xD559;&#xC608;&#xC5F0;&#xAD6C;&#xBD80;</dept_nm_lvl_3><dept_nm_lvl_4>&#xAD50;&#xC721;&#xB300;&#xC678;&#xD611;&#xB825;&#xACFC;</dept_nm_lvl_4><dept_nm_lvl_5/><exec_yr>2022</exec_yr><exec_month>5</exec_month><expense_budget>0</expense_budget><expense_execution>0</expense_execution><category/><dept_nm_full>&#xC11C;&#xC6B8;&#xC5ED;&#xC0AC;&#xBC15;&#xBB3C;&#xAD00; &#xAD50;&#xC721;&#xB300;&#xC678;&#xD611;&#xB825;&#xACFC;</dept_nm_full><exec_dt>2022-05-10 15:29</exec_dt><exec_loc>&#xD648;&#xD50C;&#xB7EC;&#xC2A4; &#xC775;&#xC2A4;&#xD504;&#xB808;&#xC2A4; &#xAD11;&#xD654;&#xBB38;&#xC810; (&#xC11C;&#xC6B8;&#xC2DC; &#xC885;&#xB85C;&#xAD6C; &#xC0C8;&#xBB38;&#xC548;&#xB85C; 91)</exec_loc><exec_purpose>&#xAD50;&#xC721;&#xB300;&#xC678;&#xD611;&#xB825;&#xACFC; &#xBD80;&#xC11C;&#xC6B4;&#xC601;&#xBB3C;&#xD488; &#xAD6C;&#xB9E4;&#xBE44;</exec_purpose><target_nm>&#xAD50;&#xC721;&#xB300;&#xC678;&#xD611;&#xB825;&#xACFC;&#xC7A5; &#xB4F1; 7&#xBA85;</target_nm><payment_method>&#xCE74;&#xB4DC;</payment_method><exec_amount>175000</exec_amount></Document54><Document55><nid>25938308</nid><title>2022&#xB144; 5&#xC6D4; &#xC0AC;&#xC5C5;&#xC18C; &#xC11C;&#xC6B8;&#xC5ED;&#xC0AC;&#xBC15;&#xBB3C;&#xAD00; &#xD559;&#xC608;&#xC5F0;&#xAD6C;&#xBD80; &#xBCF4;&#xC874;&#xACFC;&#xD559;&#xACFC; &#xC5C5;&#xBB34;&#xCD94;&#xC9C4;&#xBE44; - &#xBD80;&#xC11C;&#xC6B4;&#xC601;</title><url>http://opengov.seoul.go.kr/expense/25938308</url><dept_nm_lvl_1>&#xC0AC;&#xC5C5;&#xC18C;</dept_nm_lvl_1><dept_nm_lvl_2>&#xC11C;&#xC6B8;&#xC5ED;&#xC0AC;&#xBC15;&#xBB3C;&#xAD00;</dept_nm_lvl_2><dept_nm_lvl_3>&#xD559;&#xC608;&#xC5F0;&#xAD6C;&#xBD80;</dept_nm_lvl_3><dept_nm_lvl_4>&#xBCF4;&#xC874;&#xACFC;&#xD559;&#xACFC;</dept_nm_lvl_4><dept_nm_lvl_5/><exec_yr>2022</exec_yr><exec_month>5</exec_month><expense_budget>0</expense_budget><expense_execution>0</expense_execution><category/><dept_nm_full>&#xC11C;&#xC6B8;&#xC5ED;&#xC0AC;&#xBC15;&#xBB3C;&#xAD00; &#xD559;&#xC608;&#xC5F0;&#xAD6C;&#xBD80; &#xBCF4;&#xC874;&#xACFC;&#xD559;&#xACFC;</dept_nm_full><exec_dt>2022-05-09 13:34</exec_dt><exec_loc>&#xD648;&#xD50C;&#xB7EC;&#xC2A4; &#xAD11;&#xD654;&#xBB38;&#xC810; (&#xC885;&#xB85C;&#xAD6C; &#xC0C8;&#xBB38;&#xC548;&#xB85C; 91)</exec_loc><exec_purpose>&#xBD80;&#xC11C;&#xC6B4;&#xC601;&#xC5D0; &#xD544;&#xC694;&#xD55C; &#xBB3C;&#xD488; (&#xCEE4;&#xD53C; &#xBC0F; &#xC74C;&#xB8CC;&#xC218; &#xB4F1;) &#xAD6C;&#xB9E4;</exec_purpose><target_nm>&#xBCF4;&#xC874;&#xACFC;&#xD559;&#xACFC;&#xC7A5; &#xB4F1; 6&#xBA85;</target_nm><payment_method>&#xCE74;&#xB4DC;</payment_method><exec_amount>175000</exec_amount></Document55></data>
